Spieler_ID;Vereins_ID;Trikot_Nr;Spieler_Name;Land;Spiele;Tore;Vorlagen;
1;1;1;Manuel Neuer;D;30;0;0;
2;1;22;Tom Starke;D;2;0;0;
3;1;32;Lukas Raeder;D;2;0;1;
4;1;4;Dante;BRA;28;2;1;
5;1;21;Philipp Lahm;D;28;1;4;
6;1;13;Rafinha;BRA;27;0;7;
7;1;27;David Alaba;A;27;2;6;
8;1;17;Jerome Boateng;D;25;1;1;
9;1;5;Daniel van Buyten;B;11;1;0;
10;1;26;Diego Contento;D;10;0;1;
11;1;15;Jan Kirchhoff;D;7;0;0;
12;1;0;Ylli Sallahi;A;1;0;0;
13;1;28;Holger Badstuber;D;0;0;0;
14;1;25;Thomas Müller;D;30;13;12;
15;1;39;Toni Kroos;D;28;2;4;
16;1;10;Arjen Robben;NL;27;11;7;
17;1;19;Mario Götze;D;27;10;8;
18;1;7;Franck Ribery;F;22;10;12;
19;1;31;Bastian Schweinsteiger;D;22;4;4;
20;1;8;Javier Martinez;E;17;0;0;
21;1;11;Xherdan Shaqiri;CH;17;6;2;
22;1;6;Thiago;E;16;2;3;
23;1;34;Pierre Emil Höjbjerg;DEN;6;0;1;
24;1;23;Mitchell-Elijah Weiser;D;3;0;0;
25;1;0;Luiz Gustavo;BRA;0;0;0;
26;1;0;Emre Can;TUR/D;0;0;0;
27;1;0;Julian Green;D;0;0;0;
28;1;9;Mario Mandzukic;CRO;29;18;5;
29;1;14;Claudio Pizarro;PER;16;9;3;
30;1;20;Patrick Weihrauch;D;0;0;0;
31;1;0;Mario Gomez;D;0;0;0;
32;2;1;Roman Weidenfeller;D;29;0;0;
33;2;20;Mitchell Langerak;AUS;4;0;0;
34;2;33;Zlatan Alomerovic;D;0;0;0;
35;2;25;Sokratis;GR;27;1;2;
36;2;15;Mats Hummels;D;22;2;1;
37;2;26;Lukasz Piszczek;PL;18;3;0;
38;2;29;Marcel Schmelzer;D;18;1;3;
39;2;2;Manuel Friedrich;D;10;1;1;
40;2;4;Neven Subotic;SER/USA;10;0;0;
41;2;21;Oliver Kirch;D;7;1;0;
42;2;24;Marian Sarr;D;2;0;0;
43;2;30;Koray Günter;D;1;0;0;
44;2;18;Nuri Sahin;TUR;33;2;3;
45;2;19;Kevin Großkreutz;D;32;1;3;
46;2;10;Henrikh Mkhitaryan;ARM;30;8;9;
47;2;11;Marco Reus;D;29;16;14;
48;2;7;Jonas Hofmann;D;26;2;4;
49;2;6;Sven Bender;D;19;1;0;
50;2;37;Erik Durm;D;19;0;0;
51;2;5;Sebastian Kehl;D;17;1;1;
52;2;16;Jakub Blaszczykowski;PL;16;2;2;
53;2;14;Milos Jojic;SER;9;3;1;
54;2;8;Ilkay Gündogan;D;1;0;0;
55;2;28;Mustafa Amini;AUS;0;0;0;
56;2;9;Robert Lewandowski;PL;32;18;7;
57;2;17;Pierre-Emerick Aubameyang;GAB;31;13;3;
58;2;23;Julian Schieber;D;12;0;0;
59;2;34;Marvin Ducksch;D;6;0;0;
60;4;1;Ralf Fährmann;D;21;0;0;
61;4;34;Timo Hildebrand;D;12;0;0;
62;4;36;Lars Unnerstall;D;0;0;0;
63;4;32;Joel Matip;CMR/D;30;2;1;
64;4;6;Sead Kolasinac;D/CRO;23;0;3;
65;4;5;Felipe Santana;BRA;20;1;1;
66;4;2;Tim Hoogland;D;18;0;0;
67;4;4;Benedikt Höwedes;D;18;1;0;
68;4;22;Atsuto Uchida;JAP;17;0;4;
69;4;23;Christian Fuchs;A;16;0;3;
70;4;24;Kaan Ayhan;D;13;1;0;
71;4;15;Dennis Aogo;D;9;0;4;
72;4;14;Kyriakos Papadopoulos;GR;4;0;0;
73;4;3;Jan Kirchhoff;D;1;0;0;
74;4;33;Roman Neustädter;D;31;1;2;
75;4;7;Maximilian Meyer;D;29;6;2;
76;4;9;Kevin-Prince Boateng;GHA/D;26;6;3;
77;4;10;Julian Draxler;D;25;1;6;
78;4;8;Leon Goretzka;D;24;4;2;
79;4;13;Jermaine Jones;D/USA;14;1;1;
80;4;11;Christian Clemens;D;11;0;2;
81;4;12;Marco Höger;D;8;2;0;
82;4;40;Anthony Annan;GHA;3;0;0;
83;4;0;Tranquillo Barnetta;CH;1;0;0;
84;4;0;Leroy Sané;D/F;1;0;0;
85;4;15;Vasilios Pliatsikas;GR;0;0;0;
86;4;30;René Klingenburg;D;0;0;0;
87;4;0;Joseph Boyamba;D;0;0;0;
88;4;28;Adam Szalai;HUN;27;7;2;
89;4;17;Jefferson Farfan;PER;19;9;8;
90;4;25;Klaas Jan Huntelaar;NL;18;12;1;
91;4;19;Chinedu Obasi;NGA;14;2;1;
92;4;0;Philipp Max;D;2;0;0;
93;4;20;Teemu Pukki;FIN;1;0;0;
94;4;18;Gerald Asamoah;D;0;0;0;
95;4;0;Donis Avdijaj;D;0;0;0;
96;3;1;Bernd Leno;D;33;0;0;
97;3;22;David Yelldell;USA;0;0;0;
98;3;25;Andrés Palop;E;0;0;0;
99;3;36;Niklas Lomb;D;0;0;0;
100;3;21;Ömer Toprak;TUR/D;27;0;1;
101;3;5;Emir Spahic;BOS;26;2;2;
102;3;17;Sebastian Boenisch;D;24;1;5;
103;3;26;Giulio Donati;I;22;0;1;
104;3;4;Philipp Wollscheid;D;20;0;0;
105;3;14;Roberto Hilbert;D;16;1;1;
106;3;20;José Andrés Guardado;MEX;4;0;0;
107;3;2;Kostas Stafylidis;GR;1;0;0;
108;3;34;Nico Perrey;D;0;0;0;
109;3;0;Paul Voß;D;0;0;0;
110;3;6;Simon Rolfes;D;30;4;4;
111;3;27;Gonzalo Castro;D/E;29;5;10;
112;3;8;Lars Bender;D;28;3;1;
113;3;10;Emre Can;TUR/D;28;3;2;
114;3;18;Sidney Sam;D;21;8;7;
115;3;13;Jens Hegeler;D;18;0;3;
116;3;23;Robbie Kruse;AUS;15;2;2;
117;3;3;Stefan Reinartz;D;14;0;1;
118;3;15;Levin Öztunali;D;9;0;0;
119;3;31;Dominik Kohr;D;2;0;0;
120;3;29;Luca Dürholtz;D;0;0;0;
121;3;32;Jonas Meffert;D;0;0;0;
122;3;0;Michael Ortega;KOL;0;0;0;
123;3;0;Julian Riedel;FIN/D;0;0;0;
124;3;0;Erik Zenga;D;0;0;0;
125;3;0;Maximilian Wagener;D;0;0;0;
126;3;11;Stefan Kießling;D;32;15;6;
127;3;7;Heung-Min Son;KOR;30;9;4;
128;3;9;Eren Derdiyok;CH;16;1;1;
129;3;19;Julian Brandt;D;11;2;2;
130;3;24;Seung-Woo Ryu;KOR;2;0;0;
131;3;0;Arkadiusz Milik;PL;0;0;0;
132;5;1;Diego Benaglio;CH;28;0;0;
133;5;20;Max Grün;D;6;0;0;
134;5;21;Patrick Drewes;D;0;0;0;
135;5;34;Ricardo Rodríguez;CH/E;33;5;7;
136;5;25;Naldo;BRA;32;3;2;
137;5;31;Robin Knoche;D;31;2;1;
138;5;15;Christian Träsch;D;21;0;2;
139;5;4;Marcel Schäfer;D;20;1;2;
140;5;2;Patrick Ochs;D;17;0;3;
141;5;5;Timm Klose;CH;10;0;0;
142;5;26;Felipe Lopes;BRA;0;0;0;
143;5;37;Moritz Sprenger;D;0;0;0;
144;5;0;Bjarne Thoelke;D;0;0;0;
145;5;9;Ivan Perisic;CRO;32;9;5;
146;5;22;Luiz Gustavo;BRA;28;4;3;
147;5;27;Maximilian Arnold;D;27;7;3;
148;5;7;Daniel Caligiuri;I/D;23;1;1;
149;5;6;Slobodan Medojevic;SER;20;0;0;
150;5;29;Jan Polak;CZE;17;0;0;
151;5;14;Kevin De Bruyne;B;15;2;6;
152;5;0;Diego;BRA;15;3;2;
153;5;8;Vieirinha;POR;10;1;1;
154;5;0;Ja-Cheol Koo;KOR;10;0;0;
155;5;19;Junior Malanda;B;7;2;1;
156;5;0;Makoto Hasebe;JAP;1;0;0;
157;5;33;Paul Seguin;D;0;0;0;
158;5;0;Tolga Cigerci;TUR;0;0;0;
159;5;11;Ivica Olic;CRO;31;14;6;
160;5;12;Bas Dost;NL;13;4;0;
161;5;30;Stefan Kutschke;D;8;1;0;
162;5;0;Willi Evseev;D;3;0;2;
163;5;0;Giovanni Sio;F;1;0;0;
164;5;24;Kevin Scheidhauer;D;0;0;0;
165;5;0;Patrick Helmes;D;0;0;0;
166;5;0;Sebastian Stolze;D;0;0;0;
167;7;1;Marc-André ter Stegen;D;33;0;0;
168;7;21;Janis Blaswich;D;0;0;0;
169;7;33;Christofer Heimeroth;D;0;0;0;
170;7;24;Tony Jantschke;D;30;1;0;
171;7;39;Martin Stranzl;A;29;2;0;
172;7;27;Julian Korb;D;21;0;0;
173;7;15;Alvaro Dominguez;E;20;1;1;
174;7;17;Oscar Wendt;SWE;17;3;1;
175;7;3;Filip Daems;B;15;2;0;
176;7;4;Roel Brouwers;NL;12;0;1;
177;7;28;Joel Mero;FIN;0;0;0;
178;7;0;Wilfried Sarr;D;0;0;0;
179;7;7;Patrick Herrmann;D;33;6;8;
180;7;23;Christoph Kramer;D;32;2;1;
181;7;18;Juan Arango;VEN;30;8;7;
182;7;34;Granit Xhaka;CH;27;0;1;
183;7;16;Havard Nordtveit;NOR;20;1;1;
184;7;25;Amin Younes;D;14;0;1;
185;7;8;Lukas Rupp;D;10;0;0;
186;7;14;Thorben Marx;D;2;0;0;
187;7;19;Mahmoud Dahoud;D;0;0;0;
188;7;20;Nico Brandenburger;D;0;0;0;
189;7;10;Max Kruse;D;33;12;11;
190;7;11;Raffael;BRA;33;15;6;
191;7;31;Branimir Hrgota;SWE;29;2;0;
192;7;9;Luuk de Jong;NL;13;0;0;
193;7;22;Peniel Mlapa;D;5;1;0;
194;6;21;Loris Karius;D;22;0;0;
195;6;33;Heinz Müller;D;10;0;1;
196;6;29;Christian Wetklo;D;2;0;0;
197;6;15;Dario Kresic;D;0;0;0;
198;6;3;Zdenek Pospech;CZE;33;0;7;
199;6;4;Nikolce Noveski;MKD;31;0;0;
200;6;24;Joo Ho Park;KOR;27;1;2;
201;6;16;Stefan Bell;D;26;0;3;
202;6;20;Junior Diaz;COS;19;0;1;
203;6;2;Bo Svensson;DEN;12;0;1;
204;6;26;Niko Bungert;D;9;1;0;
205;6;22;Julian Koch;D;3;0;0;
206;6;30;Malik Fathi;D;2;0;0;
207;6;24;Tobias Schilk;D;0;0;0;
208;6;6;Johannes Geis;D;32;1;7;
209;6;10;Eric Maxim Choupo-Moting;CMR/D;32;10;3;
210;6;27;Nicolai Müller;D;25;9;3;
211;6;8;Christoph Moritz;D;24;2;3;
212;6;11;Yunus Malli;D;20;4;2;
213;6;19;Elkin Soto;KOL;19;0;0;
214;6;5;Benedikt Saller;D;15;2;0;
215;6;7;Niki Zimling;DEN;15;1;2;
216;6;13;Ja-Cheol Koo;KOR;13;1;1;
217;6;14;Julian Baumgartlinger;A;8;0;1;
218;6;28;Todor Nedelev;BUL;2;0;0;
219;6;17;Chinedu Ede;D;0;0;0;
220;6;0;Nikita Rukavytsya;AUS;0;0;0;
221;6;23;Shinji Okazaki;JAP;32;14;1;
222;6;9;Sebastian Polter;D;12;0;1;
223;6;31;Shawn Parker;D;11;1;0;
224;6;18;Dani Schahin;D;3;0;0;
225;6;35;Petar Sliskovic;CRO;2;0;0;
226;9;35;Marwin Hitz;CH;18;0;0;
227;9;1;Alexander Manninger;A;13;0;0;
228;9;30;Mohamed Amsif;MAR/D;2;0;0;
229;9;37;Ionnis Gelios;D;0;0;0;
230;9;18;Jan-Ingwer Callsen-Bracker;D;32;1;0;
231;9;19;Matthias Ostrzolek;D;32;0;6;
232;9;2;Paul Verhaegh;NL;29;3;4;
233;9;5;Ragnar Klavan;EST;29;1;0;
234;9;20;Jeong-Ho Hong;KOR;16;0;0;
235;9;3;Ronny Philp;D;8;0;1;
236;9;17;Marcel de Jong;CAN;8;0;0;
237;9;4;Dominik Reinhardt;D;1;0;0;
238;9;24;Michael Parkhurst;USA;0;0;0;
239;9;29;Maik Uhde;D;0;0;0;
240;9;32;Raphael Framberger;D;0;0;0;
241;9;7;Halil Altintop;TUR;33;10;3;
242;9;10;Daniel Baier;D;33;0;3;
243;9;28;Andre Hahn;D;31;11;9;
244;9;13;Tobias Werner;D;30;9;7;
245;9;6;Kevin Vogt;D;27;1;1;
246;9;14;Jan Morávek;CZE;16;0;1;
247;9;8;Raphael Holzhauser;A;13;0;1;
248;9;11;Alexander Esswein;D;12;0;1;
249;9;21;Dominik Kohr;D;8;0;0;
250;9;39;Erik Thommy;D;1;0;0;
251;9;16;Andreas Ottl;D;0;0;0;
252;9;29;Moritz Nebel;D;0;0;0;
253;9;33;Sascha Mölders;D;22;2;0;
254;9;9;Arkadiusz Milik;PL;18;2;0;
255;9;25;Raul Bobadilla;ARG;16;3;0;
256;9;24;Dong-Won Ji;KOR;11;1;0;
257;9;0;Mathias Fetsch;D;1;0;0;
258;9;0;Panagiotis Vlachodimos;D;1;0;0;
259;9;31;Arif Ekin;D;0;0;0;
260;9;34;Bayram Nebihi;D;0;0;0;
261;10;30;Koen Casteels;B;23;0;0;
262;10;13;Jens Grahl;D;10;0;0;
263;10;28;Alexander Stolz;D;1;0;0;
264;10;26;Tim Paterok;D;0;0;0;
265;10;0;Tim Wiese;D;0;0;0;
266;10;2;Andreas Beck;D;32;1;2;
267;10;16;Fabian Johnson;D;26;0;3;
268;10;29;Jannik Vestergaard;DEN;25;1;1;
269;10;25;Niklas Süle;D;24;4;0;
270;10;19;David Abraham;ARG;19;2;0;
271;10;36;Jeremy Toljan;D;9;0;0;
272;10;4;Stefan Thesker;D;2;0;0;
273;10;3;Matthias Jaissle;D;0;0;0;
274;10;21;Kevin Akpoguma;D;0;0;0;
275;10;24;Patrick Schorr;D;0;0;0;
276;10;28;Pelle Jensen;D;0;0;0;
277;10;0;Edson Braafheid;NL;0;0;0;
278;10;0;Matthieu Delpierre;F;0;0;0;
279;10;0;Romario;BRA;0;0;0;
280;10;10;Roberto Firmino;BRA;32;15;11;
281;10;8;Eugen Polanski;PL/D;31;3;2;
282;10;12;Tobias Strobl;D;28;1;0;
283;10;23;Sejad Salihovic;BOS;27;11;5;
284;10;6;Sebastian Rudy;D;26;1;4;
285;10;9;Kai Herdling;D;23;2;3;
286;10;14;Tarik Elyounoussi;NOR;21;0;3;
287;10;11;Jiloan Hamad;SWE;5;0;0;
288;10;33;Robin Szarka;D;2;0;0;
289;10;0;Joseph-Claude Gyau;USA/GHA;2;0;0;
290;10;22;Bruno Nazario;BRA;1;0;0;
291;10;7;Boris Vukcevic;D;0;0;0;
292;10;20;Ahmed Sassi;TUN;0;0;0;
293;10;0;Vincenzo Grifo;D/I;0;0;0;
294;10;0;Andreas Ludwig;D;0;0;0;
295;10;0;Tobias Weis;D;0;0;0;
296;10;31;Kevin Volland;D;32;10;6;
297;10;27;Anthony Modeste;F;29;12;2;
298;10;9;Sven Schipplock;D;23;6;4;
299;10;34;Kenan Karaman;D/TUR;5;0;0;
300;10;0;Eren Derdiyok;CH;0;0;0;
301;8;1;Thomas Kraft;D;31;0;0;
302;8;22;Rune Jarstein;NOR;1;0;0;
303;8;0;Marius Gersbeck;D;1;0;0;
304;8;21;Sascha Burchert;D;0;0;0;
305;8;37;Philip Sprint;D;0;0;0;
306;8;2;Peter Pekarik;SVK;30;0;2;
307;8;15;Sebastian Langkamp;D;28;0;0;
308;8;23;Johannes van den Bergh;D;25;0;1;
309;8;28;Fabian Lustenberger;CH;19;0;0;
310;8;8;Marcel Ndjeng;D;16;0;0;
311;8;25;John Brooks;D;15;2;0;
312;8;3;Levan Kobiashvili;GEO;14;1;0;
313;8;6;Christoph Janker;D;5;0;0;
314;8;32;Fabian Holland;D;3;0;0;
315;8;4;Roman Hubnik;CZE;0;0;0;
316;8;5;Maik Franz;D;0;0;0;
317;8;7;Hajime Hosogai;JAP;32;0;1;
318;8;12;Ronny;BRA;27;4;4;
319;8;13;Per Skjelbred;NOR;27;2;6;
320;8;26;Nico Schulz;D;22;0;1;
321;8;10;Änis Ben-Hatira;D;21;3;2;
322;8;17;Tolga Cigerci;TUR;19;1;3;
323;8;18;Peter Niemeyer;D;19;0;0;
324;8;9;Alexander Baumjohann;D;9;0;4;
325;8;34;Hany Mukhtar;D;9;0;0;
326;8;24;Peer Kluge;D;2;0;0;
327;8;31;Fanol Perdedaj;ALB;0;0;0;
328;8;20;Adrian Ramos;KOL;31;16;6;
329;8;11;Sami Allagui;TUN;29;9;3;
330;8;33;Sandro Wagner;D;24;2;0;
331;8;14;Ben Sahar;ISR;0;0;0;
332;11;1;Ron-Robert Zieler;D;33;0;0;
333;11;14;Markus Miller;D;0;0;0;
334;11;21;Konstantin Fuhry;D;0;0;0;
335;11;4;Hiroki Sakai;JAP;26;1;0;
336;11;19;Christian Schulz;D;26;1;0;
337;11;25;Marcelo;BRA;23;0;0;
338;11;5;Salif Sané;F/SEN;19;2;0;
339;11;18;Sebastien Pocognoli;B;19;0;0;
340;11;24;Christian Pander;D;7;0;3;
341;11;22;Frantisek Rajtoral;CZE;6;0;0;
342;11;3;Karim Haggui;TUN;3;0;0;
343;11;6;Steven Cherundolo;USA;2;0;0;
344;11;23;Christopher Avevor;D;1;0;0;
345;11;20;Felipe;BRA;0;0;0;
346;11;30;Florian Ballas;D;0;0;0;
347;11;33;Yannik Schulze;D;0;0;0;
348;11;35;Ali Gökdemir;TUR/D;0;0;0;
349;11;2;Leon Andreasen;DEN;30;3;3;
350;11;7;Edgar Prib;D;30;1;4;
351;11;28;Lars Stindl;D;30;3;2;
352;11;32;Leonardo Bittencourt;D;30;4;4;
353;11;10;Szabolcs Huszti;HUN;29;9;7;
354;11;8;Manuel Schmiedebach;D;23;1;2;
355;11;15;Andre Hoffmann;D;22;0;1;
356;11;34;Tim Dierßen;D;2;0;0;
357;11;16;Franca;BRA;0;0;0;
358;11;22;Adrian Nikci;CH;0;0;0;
359;11;13;Jan Schlaudraff;D;21;1;1;
360;11;39;Mame Diouf;SEN;19;8;3;
361;11;9;Artur Sobiech;PL;17;3;0;
362;11;11;Didier Konan Ya;CIV;15;3;1;
363;11;16;Artjoms Rudnevs;LAT;15;3;3;
364;11;38;Valmir Sulejmani;D;5;0;1;
365;11;27;Deniz Kadah;TUR;3;0;0;
366;11;40;Almir Kasumovic;BOS;0;0;0;
367;13;20;Raphael Wolf;D;20;0;0;
368;13;1;Sebastian Mielitz;D;13;0;0;
369;13;30;Richard Strebinger;A;0;0;0;
370;13;3;Luca Caldirola;I;32;0;1;
371;13;23;Theodor Gebre Selassie;CZE;28;1;1;
372;13;15;Sebastian Prödl;A;26;2;1;
373;13;5;Assani Lukimya;CGO;23;0;0;
374;13;2;Santiago Garcia;ARG;21;3;1;
375;13;8;Clemens Fritz;D;21;0;3;
376;13;13;Lukas Schmitz;D;3;0;0;
377;13;4;Mateo Pavlovi?;CRO;0;0;0;
378;13;29;Cimo-Patric Röcker;D;0;0;0;
379;13;0;Florian Hartherz;D;0;0;0;
380;13;14;Aaron Hunt;D;30;7;9;
381;13;6;Cedrick Makiadi;D/COD;29;1;1;
382;13;16;Zlatko Junuzovic;A;25;2;4;
383;13;18;Felix Kroos;D;19;1;0;
384;13;44;Philipp Bargfrede;D;19;3;0;
385;13;17;Aleksandar Ignjovski;SER;14;0;0;
386;13;10;Mehmet Ekici;TUR/D;11;1;0;
387;13;7;Ludovic Obraniak;PL/F;10;1;0;
388;13;32;Özkan Yildirim;D;10;0;0;
389;13;25;Tom Trybull;D;2;0;0;
390;13;31;Predrag Stevanovic;SER;0;0;0;
391;13;34;Aleksandar Stevanovic;SER/D;0;0;0;
392;13;38;Julian von Haacke;D;0;0;0;
393;13;11;Eljero Elia;NL;32;4;3;
394;13;24;Nils Petersen;D;27;7;2;
395;13;9;Franco Di Santo;ARG;22;4;4;
396;13;33;Martin Kobylanski;D/PL;8;0;0;
397;13;0;Davie Selke;D;3;0;0;
398;13;22;Melvyn Lorenzen;D;2;0;0;
399;13;28;Levent Aycicek;D;2;1;0;
400;13;0;Marko Arnautovic;A;1;0;0;
401;13;0;Denni Avdic;SWE;0;0;0;
402;13;0;Niclas Füllkrug;D;0;0;0;
403;13;0;Joseph Akpala;NGA;0;0;0;
404;12;1;Kevin Trapp;D;33;0;0;
405;12;30;Felix Wiedwald;D;1;0;0;
406;12;32;Aykut Özer;D;0;0;0;
407;12;5;Carlos Zambrano;PER;29;0;0;
408;12;24;Sebastian Jung;D;29;0;7;
409;12;15;Constant Djakpa;CIV;21;0;0;
410;12;6;Bastian Oczipka;D;20;0;1;
411;12;23;Anderson;BRA;15;0;2;
412;12;39;Alexander Madlung;D;15;2;0;
413;12;17;Stephan Schröck;D;11;0;0;
414;12;22;Stefano Celozzi;D;10;0;0;
415;12;36;Marc-Oliver Kempf;D;3;0;0;
416;12;33;Alexander Hien;D;0;0;0;
417;12;34;Erik Wille;D;0;0;0;
418;12;4;Marco Russ;D;28;3;2;
419;12;16;Stefan Aigner;D;27;4;7;
420;12;18;Johannes Flum;D;26;3;2;
421;12;25;Tranquillo Barnetta;CH;22;1;3;
422;12;14;Alexander Meier;D;21;8;2;
423;12;7;Jan Rosenthal;D;18;2;1;
424;12;20;Sebastian Rode;D;17;0;0;
425;12;27;Pirmin Schwegler;CH;16;0;0;
426;12;8;Takashi Inui;JAP;14;0;0;
427;12;13;Martin Lanig;D;14;1;1;
428;12;21;Marc Stendera;D;5;0;0;
429;12;26;Tobias Weis;D;4;0;0;
430;12;19;Marvin Bakalorz;D;3;0;0;
431;12;28;Sonny Kittel;D;0;0;0;
432;12;9;Joselu;E;23;8;2;
433;12;10;Vaclav Kadlec;CZE;21;5;3;
434;12;11;Srdjan Lakic;CRO;8;0;0;
435;12;37;Luca Waldschmidt;D;0;0;0;
436;17;1;Oliver Baumann;D;33;0;0;
437;17;19;Daniel Batz;D;0;0;0;
438;17;21;Alexander Schwolow;D;0;0;0;
439;17;28;Matthias Ginter;D;33;0;0;
440;17;25;Oliver Sorg;D;30;2;2;
441;17;30;Christian Günter;D;28;0;1;
442;17;2;Pavel Krmas;CZE;18;1;1;
443;17;41;Immanuel Höhn;D;18;0;0;
444;17;3;Fallou Diagné;SEN;12;0;0;
445;17;24;Mensur Mujdza;BOS;7;0;0;
446;17;0;Tim Schraml;D;1;0;0;
447;17;5;Christopher Jullien;F;0;0;0;
448;17;6;Vegar Eggen Hedenstad;NOR;0;0;0;
449;17;4;Gelson Fernandes;CH;29;1;2;
450;17;17;Jonathan Schmid;F;28;3;8;
451;17;28;Julian Schuster;D;26;3;1;
452;17;7;Vladimír Darida;CZE;22;3;5;
453;17;36;Felix Klaus;D;20;5;4;
454;17;37;Sebastian Kerk;D;19;0;0;
455;17;20;Francis Coquelin;F;16;0;0;
456;17;27;Nicolas Höfler;D;14;2;1;
457;17;8;Vaclav Pilar;CZE;6;0;0;
458;17;11;Hendrick Zuck;D;2;0;0;
459;17;29;Tim Albutat;D;1;0;0;
460;17;0;Nicolai Lorenzoni;D;1;0;0;
461;17;0;Maximilian Philipp;D;1;0;0;
462;17;48;Erich Sautner;D;0;0;0;
463;17;14;Admir Mehmedi;CH;32;12;4;
464;17;31;Karim Guedé;SVK;19;3;0;
465;17;35;Sebastian Freis;D;16;2;4;
466;17;9;Mike Hanke;D;15;2;0;
467;17;15;Philipp Zulechner;A;6;0;0;
468;17;22;Marco Terrazzino;D;2;1;0;
469;17;32;Charles Elie Laprevotte;F;1;0;0;
470;17;0;Garra Dembélé;MLI/F;0;0;0;
471;15;1;Sven Ulreich;D;30;0;0;
472;15;22;Thorsten Kirschbaum;D;3;0;0;
473;15;3;Daniel Schwaab;D;32;0;1;
474;15;24;Antonio Rüdiger;D;29;2;0;
475;15;2;Gotoku Sakai;JAP;27;0;2;
476;15;34;Konstantin Rausch;D;20;2;1;
477;15;6;Georg Niedermeier;D;17;1;0;
478;15;5;Karim Haggui;TUN;6;1;0;
479;15;0;Serdar Tasci;D;1;0;0;
480;15;0;Cristian Molinaro;I;1;0;0;
481;15;0;Benedikt Röcker;D;1;0;0;
482;15;0;Philipp Mwene;A;0;0;0;
483;15;7;Martin Harnik;A/D;30;10;2;
484;15;16;Ibrahima Traore;GUI/F;30;2;8;
485;15;44;Alexandru Maxim;ROM;28;7;9;
486;15;20;Christian Gentner;D;27;4;4;
487;15;15;Arthur Boka;CIV;24;1;0;
488;15;8;Moritz Leitner;A;21;1;3;
489;15;0;William Kvist;DEN;12;0;0;
490;15;28;Rani Khedira;D;9;0;0;
491;15;11;Carlos Gruezo;ECU;7;0;0;
492;15;10;Daniel Didavi;D;6;1;1;
493;15;23;Sercan Sararer;E;6;0;0;
494;15;0;Robin Yalcin;D;3;0;0;
495;15;13;Patrick Funk;D;0;0;0;
496;15;14;Marco Rojas;NZL;0;0;0;
497;15;0;Johan Audel;F;0;0;0;
498;15;0;Tunay Torun;TUR;0;0;0;
499;15;19;Timo Werner;D;29;4;5;
500;15;9;Vedad Ibisevic;BOS;26;10;3;
501;15;18;Cacau;D/BRA;20;1;2;
502;15;25;Mohammed Abdellaoue;NOR;12;1;1;
503;16;15;René Adler;D;29;0;0;
504;16;1;Jaroslav Drobny;CZE;4;0;0;
505;16;29;Florian Stritzel;D;0;0;0;
506;16;30;Sven Neuhaus;D;0;0;0;
507;16;4;Heiko Westermann;D;29;3;2;
508;16;5;Johan Djourou;CH;22;0;0;
509;16;7;Marcell Jansen;D;20;1;4;
510;16;2;Dennis Diekmeier;D;19;0;2;
511;16;28;Jonathan Tah;D;16;0;1;
512;16;3;Michael Mancienne;ENG;11;0;0;
513;16;16;Lasse Sobiech;D;10;1;0;
514;16;17;Andreas Lam;D/CHN;9;1;0;
515;16;24;Slobodan Rajkovic;SER;2;0;0;
516;16;0;Patrick Owomoyela;D;0;0;0;
517;16;9;Hakan Calhanoglu;TUR/D;31;11;6;
518;16;18;Tolgay Arslan;D;31;1;2;
519;16;14;Milan Badelj;CRO;28;1;2;
520;16;23;Rafael van der Vaart;NL;26;7;8;
521;16;8;Thomas Eduardo Rincon;VEN;21;0;0;
522;16;19;Petr Jiracek;CZE;20;1;1;
523;16;11;Ivo Ilicevic;CRO;17;2;0;
524;16;37;Robert Tesche;D;8;0;1;
525;16;6;Ouasim Bouy;NL;3;0;0;
526;16;27;Kerem Demirbay;TUR;3;0;1;
527;16;0;Dennis Aogo;D;2;0;0;
528;16;32;Ville Matti Steinmann;D;0;0;0;
529;16;34;Valmir Nafiu;MKD;0;0;0;
530;16;44;Gojko Kacar;SER;0;0;0;
531;16;31;Jacques Zoua;CMR;27;2;1;
532;16;20;Pierre-Michel Lasogga;D;19;12;1;
533;16;21;Maximilian Beister;D;16;5;5;
534;16;25;Ola John;NL;8;0;0;
535;16;10;Artjoms Rudnevs;LAT;7;0;0;
536;16;0;Mattia Maggio;D;4;0;0;
537;14;1;Raphael Schäfer;D;33;0;0;
538;14;22;Patrick Rakovsky;D;1;0;0;
539;14;32;Benjamin Uphoff;D;0;0;0;
540;14;21;Marvin Plattenhardt;D;31;1;3;
541;14;2;Emanuel Pogatetz;A;23;1;1;
542;14;26;Timothy Chandler;D;21;1;2;
543;14;25;Horacio Javier Pinola;ARG;20;0;0;
544;14;3;Per Nilsson;SWE;19;3;0;
545;14;6;Martin Angha;CH;13;0;0;
546;14;31;Ondrej Petrak;CZE;11;0;0;
547;14;24;Berkay Dabanli;D;5;0;0;
548;14;4;Marcos Antonio;BRA;0;0;0;
549;14;19;Noah Korczowski;D;0;0;0;
550;14;13;Hiroshi Kiyotake;JAP;33;3;8;
551;14;17;Mike Frantz;D;30;1;1;
552;14;23;Adam Hlousek;CZE;27;3;2;
553;14;7;Markus Feulner;D;24;2;2;
554;14;16;Niklas Stark;D;20;0;0;
555;14;14;Robert Mak;SVK;18;0;1;
556;14;5;Hanno Balitsch;D;13;0;0;
557;14;15;Makoto Hasebe;JAP;13;0;1;
558;14;20;Campana;E;10;1;1;
559;14;10;Timo Gebhart;D;6;0;0;
560;14;33;Alexander Esswein;D;5;0;0;
561;14;0;Tobias Pachonik;D;1;0;0;
562;14;20;Muhammed Ildiz;A;0;0;0;
563;14;27;Markus Mendler;D;0;0;0;
564;14;0;Philipp Klement;D;0;0;0;
565;14;18;Josip Drmic;CH;32;16;3;
566;14;9;Tomas Pekhart;CZE;23;1;0;
567;14;11;Daniel Ginczek;D;17;3;2;
568;14;40;Antonio-Mirko Colak;D;5;0;0;
569;14;8;Mariusz Stepinski;PL;0;0;0;
570;14;0;Nick Weber;D;0;0;0;
571;18;26;Daniel Davari;D;28;0;0;
572;18;1;Marjan Petkovic;D;5;0;0;
573;18;3;Ermin Bicakcic;D;30;1;1;
574;18;19;Ken Reichel;D;26;1;2;
575;18;8;Deniz Dogan;TUR;23;0;1;
576;18;5;Benjamin Kessel;D;19;2;1;
577;18;25;Marcel Correia;POR;17;0;0;
578;18;24;Timo Perthel;D;11;0;0;
579;18;4;Matthias Henn;D;2;0;0;
580;18;10;Mirko Boland;D;32;1;5;
581;18;14;Omar Elabdellaoui;NOR;29;1;2;
582;18;15;Norman Theuerkauf;D;28;0;2;
583;18;11;Jan Hochscheidt;D;19;3;1;
584;18;31;Marc Pfitzner;D;15;0;0;
585;18;32;Dennis Kruppke;D;15;0;0;
586;18;17;Kevin Kratz;D;14;1;0;
587;18;6;Damir Vrancic;CRO;13;0;0;
588;18;33;Marco Caligiuri;I;12;0;1;
589;18;21;Jan Washausen;D;2;0;0;
590;18;22;Salim Khelifi;CH;1;0;0;
591;18;23;Jonas Erwig-Drüppel;D;0;0;0;
592;18;12;Domi Kumbela;COD;29;9;2;
593;18;9;Orhan Ademi;CH;25;1;1;
594;18;38;Karim Bellarabi;D;25;3;5;
595;18;7;Havard Nielsen;NOR;15;2;0;
596;18;20;Torsten Oehrl;D;10;2;0;
597;18;0;Simeon Jackson;CAN;9;0;0;
598;18;27;Gianluca Korte;D;2;0;0;
599;19;1;Timo Horn;D;32;0;0;
600;19;18;Thomas Kessler;D;1;0;0;
601;19;13;Marcel Schuhen;D;0;0;0;
602;19;5;Dominik Maroh;D/SLO;33;0;0;
603;19;14;Jonas Hector;D;32;2;1;
604;19;2;Miso Brecko;SLO;31;3;4;
605;19;28;Kevin Wimmer;A;25;2;2;
606;19;6;Bruno Nascimento;BRA;7;0;0;
607;19;4;Roman Golobart;E;4;0;0;
608;19;23;Kevin McKenna;CAN;4;0;0;
609;19;0;Jannik Müller;D;0;0;0;
610;19;22;Daniel Halfar;D;33;3;7;
611;19;33;Matthias Lehmann;D;32;0;6;
612;19;20;Marcel Risse;D;30;9;4;
613;19;31;Yannick Gerhardt;D;29;3;4;
614;19;17;Slawomir Peszko;PL;24;3;4;
615;19;8;Adam Matuschyk;PL/D;21;0;0;
616;19;25;Kazuki Nagasawa;JAP;9;0;1;
617;19;19;Mato Jajalo;CRO;5;0;0;
618;19;7;Adil Chihi;MAR;1;0;0;
619;19;21;Sascha Bigalke;D;1;1;0;
620;19;30;Fabian Schnellhardt;D;1;0;0;
621;19;9;Anthony Ujah;NGA;33;11;3;
622;19;16;Patrick Helmes;D;26;12;6;
623;19;27;Maurice Exslager;D;12;0;2;
624;19;11;Thomas Bröker;D;9;0;0;
625;19;26;Bard Finne;NOR;9;1;2;
626;19;0;Kacper Przybylko;PL;8;1;0;
627;19;15;Maximilian Thiel;D;4;0;0;
628;19;16;Mikael Ishak;SWE;0;0;0;
629;21;1;Lukas Kruse;D;29;0;0;
630;21;33;Daniel Lück;D;6;0;0;
631;21;19;Nico Burchert;D;0;0;0;
632;21;2;Uwe Hünemeier;D;32;2;2;
633;21;13;Christian Strohdiek;D;26;1;0;
634;21;14;Thomas Bertels;D;25;1;2;
635;21;22;Michael Heinloth;D;24;0;1;
636;21;5;Patrick Ziegler;D;22;0;0;
637;21;7;Jens Wemmer;D;22;3;5;
638;21;26;Florian Hartherz;D;11;0;0;
639;21;25;Martin Amedick;D;7;0;0;
640;21;28;Tim Welker;D;1;0;0;
641;21;23;Markus Palionis;LIT/D;0;0;0;
642;21;0;Fabian Scheffer;D;0;0;0;
643;21;8;Mario Vrancic;BOS;29;4;7;
644;21;17;Alban Meha;ALB;24;12;3;
645;21;21;Daniel Brückner;D;20;0;3;
646;21;18;Markus Krösche;D;17;2;1;
647;21;0;Diego Demme;D/I;17;0;1;
648;21;6;Marvin Bakalorz;D;14;2;3;
649;21;20;Marc Vucinovic;D;10;1;1;
650;21;30;Süleyman Koc;TUR;10;2;2;
651;21;0;Manuel Zeitz;D;9;0;0;
652;21;27;Mirnes Pepic;MON;1;0;0;
653;21;29;Sebastian Schonlau;D;0;0;0;
654;21;15;Elias Kachunga;D;33;6;9;
655;21;16;Mahir Saglik;TUR;28;15;2;
656;21;16;Johannes Wurtz;D;22;6;1;
657;21;9;Rick ten Voorde;NL;12;2;1;
658;21;11;Saliou Sane;SEN/D;9;1;0;
659;20;1;Wolfgang Hesl;D;33;0;0;
660;20;30;Mark Flekken;NL;0;0;0;
661;20;39;Tom Mickel;D;0;0;0;
662;20;20;Daniel Brosinski;D;33;3;7;
663;20;31;Niko Gießelmann;D;31;2;4;
664;20;5;Mergim Mavraj;D/ALB;28;1;3;
665;20;18;Abdul Rahman Baba;GHA;21;0;1;
666;20;3;Zsolt Korcsmar;HUN;17;0;0;
667;20;2;Benedikt Röcker;D;13;2;1;
668;20;19;Thomas Kleine;D;12;0;0;
669;20;4;Kevin Kraus;D;8;1;0;
670;20;0;Michael Hefele;D;2;0;0;
671;20;0;Kevin Schulze;D;0;0;0;
672;20;7;Zoltán Stieber;HUN;31;8;9;
673;20;6;Tim Sparv;FIN;28;1;3;
674;20;27;Florian Trinks;D;28;4;6;
675;20;8;Stephan Fürstner;D;26;4;0;
676;20;14;Tom Weilandt;D;22;3;2;
677;20;16;Goran Sukalo;SLO;19;4;2;
678;20;17;Thomas Pledl;D;16;0;0;
679;20;11;Dominick Drexler;D;9;1;0;
680;20;21;Robert Zillner;D;8;0;0;
681;20;13;Sebastian Tyrala;D;0;0;0;
682;20;33;Ilir Azemi;ALB;27;13;3;
683;20;22;Niclas Füllkrug;D;21;6;2;
684;20;9;Ognjen Mudrinski;SER;14;3;1;
685;20;10;Nikola Djurdjic;SER;14;4;1;
686;20;24;Baye Djiby Fall;SEN;0;0;0;
687;20;0;Stefan Lex;D;0;0;0;
688;20;0;Stefan Vogler;D;0;0;0;
689;25;1;Tobias Sippel;D;33;0;0;
690;25;22;David Hohs;D;0;0;0;
691;25;32;Marius Müller;D;0;0;0;
692;25;23;Florian Dick;D;30;3;6;
693;25;31;Chris Löwe;D;29;1;3;
694;25;34;Willi Orban;D;27;2;1;
695;25;15;Marc Torrejón;E;23;0;3;
696;25;2;Jan Simunek;CZE;18;1;0;
697;25;33;Dominique Heintz;D;10;0;0;
698;25;39;Jean Zimmer;D;5;0;1;
699;25;13;Florian Riedel;D;2;0;0;
700;25;14;Enis Hajri;TUN;0;0;0;
701;25;16;Karim Matmour;ALG;31;2;6;
702;25;37;Markus Karl;D;29;4;4;
703;25;19;Marcel Gaus;D;25;3;2;
704;25;11;Ruben Yttergard Jenssen;NOR;21;2;0;
705;25;6;Alexander Ring;FIN;20;0;1;
706;25;28;Konstantinos Fortounis;GR;17;0;1;
707;25;5;Enis Alushi;D;11;1;0;
708;25;14;Chinedu Ede;D;5;0;0;
709;25;20;Kevin Stöger;A;5;1;1;
710;25;0;Ariel Borysiuk;PL;4;0;0;
711;25;0;Christopher Drazan;A;3;0;1;
712;25;0;Sascha Mockenhaupt;D;1;0;0;
713;25;7;Mimoun Azaouagh;D/MAR;0;0;0;
714;25;26;Steven Zellner;D;0;0;0;
715;25;8;Mohamadou Idrissou;CMR;28;12;10;
716;25;9;Simon Zoller;D;28;13;3;
717;25;25;Olivier Occean;CAN;27;3;1;
718;25;18;Srdjan Lakic;CRO;14;2;1;
719;25;0;Andrew Wooten;USA/D;4;0;0;
720;25;10;Albert Bunjaku;CH;3;0;0;
721;25;0;Jan-Lucas Dorow;D;3;0;0;
722;25;0;Jakub Swierczok;PL;0;0;0;
723;22;1;Dirk Orlishausen;D;31;0;0;
724;22;24;René Vollath;D;2;0;0;
725;22;27;Maximilian Reule;D;0;0;0;
726;22;2;Philipp Klingmann;D;33;0;7;
727;22;6;Jan Mauersberger;D;32;1;1;
728;22;3;Daniel Gordon;D;29;1;1;
729;22;5;Dennis Kempe;D;23;0;3;
730;22;35;Kai Schwertfeger;D;18;1;0;
731;22;20;Michael Vitzthum;D;11;1;0;
732;22;14;Manuel Gulde;D;6;0;0;
733;22;4;Martin Stoll;D;1;0;0;
734;22;16;Dennis Cagara;PHI/DEN;0;0;0;
735;22;22;Sebastian Schiek;D;0;0;0;
736;22;34;Parker Walsh;USA;0;0;0;
737;22;20;Selcuk Alibaz;TUR;32;3;4;
738;22;8;Reinhold Yabo;D;30;1;3;
739;22;13;Dominic Peitz;D;29;4;0;
740;22;18;Manuel Torres;E;26;4;6;
741;22;21;Gaetan Krebs;F;22;2;2;
742;22;26;Silvano Varnhagen;D;8;0;0;
743;22;33;Jung-Bin Park;KOR;6;0;1;
744;22;0;Steffen Haas;D;0;0;0;
745;22;17;Rouwen Hennings;D;30;10;4;
746;22;28;Koen van der Biezen;NL;29;8;1;
747;22;11;Dimitrij Nazarov;D;25;6;2;
748;22;19;Ilian Micanski;BUL;19;4;1;
749;22;16;Dennis Mast;D;13;0;0;
750;22;7;Patrick Dulleck;D;2;0;0;
751;22;29;Jimmy Marton;D;0;0;0;
752;22;0;Karim Benyamina;D;0;0;0;
753;29;33;Fabian Giefer;D;29;0;0;
754;29;1;Michael Rensing;D;5;0;0;
755;29;36;Nikos Papadopoulos;GR;0;0;0;
756;29;19;Tobias Levels;NL;29;0;2;
757;29;14;Bruno Soares;BRA;19;0;0;
758;29;28;Martin Latka;CZE;17;2;0;
759;29;0;Christian Weber;D;17;0;0;
760;29;2;Cristian Ramirez;ECU;16;0;1;
761;29;6;Dustin Bomheuer;D;12;0;0;
762;29;3;Leon Balogun;D;11;0;0;
763;29;4;Stelios Malezas;GR;11;0;0;
764;29;8;Heinrich Schmidtgal;KAZ/D;11;0;1;
765;29;5;Juanan;E;0;0;0;
766;29;34;Muhammet Karpuz;D;0;0;0;
767;29;7;Oliver Fink;D;27;1;2;
768;29;13;Adam Bodzek;D;23;1;0;
769;29;17;Andreas Lambertz;D;21;0;0;
770;29;15;Ivan Paurevic;D;17;0;1;
771;29;23;Ben Halloran;AUS;17;5;1;
772;29;5;Michael Liendl;A;14;2;6;
773;29;21;Christian Gartner;D;14;0;2;
774;29;35;Mathis Bolly;NOR;13;1;0;
775;29;25;Tugrul Erat;TUR;12;2;1;
776;29;10;Levan Kenia;GEO;11;0;3;
777;29;11;Axel Bellinghausen;D;10;1;2;
778;29;0;Samuel Piette;CAN;2;0;0;
779;29;37;Ihlas Bebou;D;1;0;0;
780;29;32;Bastian Müller;D;0;0;0;
781;29;35;Charlison Benschop;NL;27;11;4;
782;29;9;Erwin Hoffer;A;23;8;2;
783;29;30;Aristide Bancé;BFA;16;2;0;
784;29;0;Stefan Reisinger;D;15;2;1;
785;29;22;Giannis Gianniotas;GR;8;1;0;
786;29;0;Timm Golley;D;7;1;1;
787;29;16;Gerrit Wegkamp;D;3;0;0;
788;29;39;Genki Omae;JAP;1;0;0;
789;29;29;Ali Aydin;TUR/D;0;0;0;
790;28;1;Gabor Király;HUN;33;0;0;
791;28;22;Michael Netolitzky;D;0;0;0;
792;28;30;Vitus Eicher;D;0;0;0;
793;28;5;Guillermo Vallori;E;30;1;1;
794;28;3;Grzegorz Wojtkowiak;PL;25;1;0;
795;28;26;Christopher Schindler;D;25;0;0;
796;28;4;Kai Bülow;D;24;3;0;
797;28;17;Sebastian Hertner;D;20;0;0;
798;28;2;Moritz Volz;D;16;0;2;
799;28;35;Markus Schwabl;D;4;0;0;
800;28;27;Arne Feick;D;0;0;0;
801;28;36;Phillipp Steinhart;D;0;0;0;
802;28;10;Moritz Stoppelkamp;D;33;6;12;
803;28;19;Daniel Adlung;D;32;4;1;
804;28;29;Yannick Stark;D;30;2;3;
805;28;6;Dominik Stahl;D;20;5;0;
806;28;14;Marin Tomasov;CRO;14;1;1;
807;28;0;Julian Weigl;D;13;0;0;
808;28;21;Markus Steinhöfer;D;12;0;0;
809;28;8;Andreas Ludwig;D;10;1;1;
810;28;7;Daniel Bierofka;D;9;1;0;
811;28;20;Stefan Wannenwetsch;D;7;0;0;
812;28;31;Kodjovi Koussou;D;2;0;0;
813;28;17;Liridon Vocaj;;0;0;0;
814;28;25;Andreas Geipl;D;0;0;0;
815;28;33;Korbinian Vollmann;D;0;0;0;
816;28;11;Benjamin Lauth;D;27;3;2;
817;28;23;Bobby Wood;USA;20;0;2;
818;28;9;Yuka Osako;JAP;14;6;3;
819;28;16;Stephan Hain;D;12;0;0;
820;28;0;Rob Friend;CAN;10;1;1;
821;28;18;Andreas Neumeyer;D;0;0;0;
822;24;13;Philipp Tschauner;D;31;0;0;
823;24;1;Philipp Heerwagen;D;2;0;0;
824;24;30;Robin Himmelmann;D;1;0;0;
825;24;23;Marcel Halstenberg;D;31;1;4;
826;24;16;Markus Thorandt;D;28;2;0;
827;24;26;Sören Gonther;D;27;1;2;
828;24;8;Bernd Nehrig;D;23;0;0;
829;24;27;Jan Philipp Kalla;D;23;1;0;
830;24;20;Sebastian Schachten;D;19;4;1;
831;24;24;Florian Mohr;D;10;0;0;
832;24;14;Philipp Ziereis;D;9;0;0;
833;24;28;Andrej Startsev;D;0;0;0;
834;24;11;Marc Rzatkowski;D;31;2;6;
835;24;10;Christopher Buchtmann;D;27;0;6;
836;24;22;Fin Bartels;D;26;7;5;
837;24;2;Florian Kringe;D;24;5;0;
838;24;29;Sebastian Maier;D;23;3;1;
839;24;25;Kevin Schindler;D;14;2;1;
840;24;35;Tom Trybull;D;12;0;2;
841;24;17;Fabian Boll;D;9;0;0;
842;24;36;Okan Kurt;D;1;0;0;
843;24;7;Dennis Daube;D;0;0;0;
844;24;0;Kwasi Okyere Wriedt;D;0;0;0;
845;24;9;Christopher Nöthe;D;26;4;4;
846;24;18;Lennart Thy;D;26;4;1;
847;24;12;John Verhoek;NL;24;5;0;
848;24;19;Michael Gregoritsch;A;15;1;0;
849;24;0;Laurynas Kulikas;RUS;0;0;0;
850;26;16;Jasmin Fejzic;CRO;31;0;0;
851;26;1;Daniel Bernhardt;D;2;0;0;
852;26;24;Marcel Wehr;D;0;0;0;
853;26;4;Oliver Barth;D;32;1;0;
854;26;15;Daniel Buballa;D;32;2;2;
855;26;17;Sascha Traut;D;32;1;4;
856;26;6;Benjamin Hübner;D;31;2;0;
857;26;3;Andrew Hainault;CAN;19;0;1;
858;26;5;Jürgen Mössmer;BRA/D;12;0;0;
859;26;25;Kevin Ruiz;D;0;0;0;
860;26;0;Felix Schmidt;D;0;0;0;
861;26;0;Marcel Klefenz;D;0;0;0;
862;26;3;Leandro;ARG;33;3;4;
863;26;23;Andreas Hofmann;D;32;1;3;
864;26;20;Manuel Junglas;D;31;3;4;
865;26;22;Michael Klauß;D;26;3;6;
866;26;11;Enrico Valentini;I/D;23;5;0;
867;26;28;Fabian Weiß;D;16;0;1;
868;26;29;Nejmeddin Daghfous;D;11;0;1;
869;26;21;Fabio Kaufmann;D;5;0;0;
870;26;29;Nico Zimmermann;D;3;0;0;
871;26;18;Maximilian Oesterhelweg;D;2;0;0;
872;26;8;Selim Aydemir;TUR;0;0;0;
873;26;13;Felix Nierichlo;D;0;0;0;
874;26;34;Daniel Serejo;BRA;0;0;0;
875;26;9;Robert Lechleiter;D;32;6;4;
876;26;14;Joel Pjhjanpalo;FIN;21;4;0;
877;26;30;Marcel Reichwein;D;21;2;2;
878;26;19;Takuma Abe;JAP;5;0;0;
879;26;33;Cidimar;BRA;4;0;0;
880;26;18;Stanislaus Bergheim;D;0;0;0;
881;26;32;Benjamin Schiele;D;0;0;0;
882;27;33;Manuel Riemann;D;31;0;1;
883;27;1;Marco Knaller;A;2;0;0;
884;27;19;Michael Langer;A;0;0;0;
885;27;22;Michael Hiegl;;0;0;0;
886;27;32;Timo Achenbach;D;32;0;6;
887;27;11;Julian Schauerte;D;29;1;5;
888;27;27;Seyi Olajengbesi;NGA;29;0;0;
889;27;5;Daniel Schulz;D;20;0;1;
890;27;14;Tim Kister;D;18;0;0;
891;27;18;Matthias Zimmermann;D;18;0;1;
892;27;17;Florian Hübner;D;17;2;0;
893;27;30;Lukas Kübler;D;2;0;0;
894;27;3;Radoslav Zábavník;SVK;0;0;0;
895;27;4;Max Müller;D;0;0;0;
896;27;6;Sören Halfar;D;0;0;0;
897;27;22;Ole Kittner;D;0;0;0;
898;27;0;Marco Pischorn;D;0;0;0;
899;27;6;Denis Linsmayer;D;29;0;1;
900;27;21;Manuel Stiefler;D;29;1;2;
901;27;7;Marco Thiede;D;26;0;0;
902;27;24;Simon Tüting;D;25;2;1;
903;27;8;Nicky Adler;D;24;9;2;
904;27;10;David Ulm;F;21;2;1;
905;27;25;Danny Blum;D;19;4;2;
906;27;31;Stefan Kulovits;A;19;0;0;
907;27;16;Nico Klotz;D;10;0;0;
908;27;37;Marvin Knoll;D;8;0;0;
909;27;0;Björn Kluft;D;3;0;0;
910;27;23;Markus Mendler;D;2;0;0;
911;27;20;Eke Uzoma;NGA;1;0;0;
912;27;0;Marc Lais;D;0;0;0;
913;27;26;Ranisav Jovanovic;SER;25;6;1;
914;27;0;Frank Löning;D;14;1;0;
915;27;9;Adama Diakite;MLI;2;0;0;
916;27;29;Kwame Nsor;GHA;0;0;0;
917;23;1;Daniel Haas;D;33;0;0;
918;23;12;Florian Brüggemann;D;0;0;0;
919;23;20;Jan Glinker;D;0;0;0;
920;23;6;Marc Pfertzel;F;30;0;1;
921;23;34;Fabian Schönheim;D;29;1;0;
922;23;7;Patrick Kohlmann;D;27;1;1;
923;23;4;Roberto Puncec;CRO;21;0;0;
924;23;15;Mario Eggimann;CH;15;1;0;
925;23;5;Christian Stuff;D;7;0;1;
926;23;13;Björn Kopplin;D;7;0;1;
927;23;15;Daniel Göhlert;D;0;0;0;
928;23;38;Oliver Oschkenat;D;0;0;0;
929;23;0;Maurice Trapp;D;0;0;0;
930;23;17;Torsten Mattuschka;D;32;12;11;
931;23;19;Damir Kreilach;CRO;32;3;0;
932;23;18;Benjamin Köhler;D;29;3;6;
933;23;29;Michael Parensen;D;27;0;2;
934;23;10;Martin Dausch;D;22;1;3;
935;23;2;Christopher Quiring;D;20;3;0;
936;23;8;Baris Özbek;D;20;0;1;
937;23;25;Björn Jopek;D;6;0;0;
938;23;27;Eroll Zejnullahu;D;2;0;0;
939;23;21;Waseem Razeek;D;1;0;0;
940;23;26;Niklas Wiebach;D;0;0;0;
941;23;31;Leonard Koch;D;0;0;0;
942;23;9;Sören Brandy;D;32;11;2;
943;23;11;Simon Terodde;D;27;5;1;
944;23;32;Adam Nemec;SVK;26;5;1;
945;23;24;Steven Skrzybski;D;10;1;0;
946;23;16;Abdallah Gomaa;EGY;2;0;0;
947;23;0;Silvio;BRA;0;0;0;
948;30;1;Ramazan Özcan;A;31;0;0;
949;30;33;André Weis;D;2;0;0;
950;30;15;Danilo Soares;BRA;27;0;2;
951;30;21;Danny da Costa;D;26;0;1;
952;30;26;Ralph Gunesch;D;18;0;0;
953;30;4;Andre Mijatovic;CRO;11;0;1;
954;30;22;Konstantin Engel;D;11;0;0;
955;30;2;Leon Jessen;DEN;7;0;0;
956;30;19;Malte Metzelder;D;0;0;0;
957;30;6;Alfredo Morales;D;31;1;2;
958;30;8;Roger;BRA;30;0;1;
959;30;31;Caiuby;BRA;30;5;5;
960;30;20;Pascal Groß;D;28;2;2;
961;30;34;Marvin Matip;D;23;2;1;
962;30;36;Almog Cohen;ISR;21;1;2;
963;30;16;Andreas Buchner;D;14;0;0;
964;30;11;Collin Quaner;D;11;1;1;
965;30;30;Tamas Hajnal;HUN;9;1;2;
966;30;7;Christoph Knasmüllner;A;8;0;0;
967;30;0;Ümit Korkmaz;A;5;1;0;
968;30;5;Alper Uludag;B;0;0;0;
969;30;23;Reagy Ofosu;D;0;0;0;
970;30;28;Philipp Hofmann;D;30;7;1;
971;30;9;Moritz Hartmann;D;23;6;2;
972;30;18;Christian Eigler;D;21;2;1;
973;30;25;Karl-Heinz Lappe;D;19;3;0;
974;30;0;Manuel Schäffler;D;8;0;0;
975;30;14;Stefan Lex;D;6;0;0;
976;31;1;Martin Männel;D;21;0;0;
977;31;33;Sascha Kirschstein;D;13;0;0;
978;31;27;Marius Schulze;D;0;0;0;
979;31;15;René Klingbeil;D;30;1;1;
980;31;4;Thomas Paulus;D;21;0;0;
981;31;3;Tobias Nickenig;D;13;1;0;
982;31;21;Dominic Rau;D;7;1;0;
983;31;32;Ivan Gonzalez;E;7;0;0;
984;31;6;Kevin Schlitte;D;3;0;0;
985;31;0;Ronald Gercaliu;A;1;0;0;
986;31;24;Philipp Müller;D;0;0;0;
987;31;25;Guido Kocer;D;30;5;3;
988;31;10;Michael Fink;D;28;2;2;
989;31;13;Nils Miatke;D;26;0;1;
990;31;30;Fabian Müller;D;26;0;0;
991;31;14;Zlatko Janjic;BOS;23;1;1;
992;31;20;Oliver Schröder;D;23;0;1;
993;31;22;Rico Benatelli;D/I;23;3;6;
994;31;23;Dorian Diring;F;14;0;1;
995;31;8;Mike Könnecke;D;13;1;3;
996;31;5;Filip Luksik;SVK;11;1;1;
997;31;0;Kevin Pezzoni;D;8;0;0;
998;31;0;Taku Ishihara;JAP;6;1;0;
999;31;0;Philip Hauck;D;1;0;0;
1000;31;7;Bastian Hohmann;D;0;0;0;
1001;31;19;Andreas Wiegel;D;0;0;0;
1002;31;12;Jakub Sylvestr;SVK;33;14;6;
1003;31;7;Ronny König;D;21;1;0;
1004;31;26;Solomon Okoronkwo;NGA;20;1;0;
1005;31;11;Arvydas Novikovas;LIT;19;3;2;
1006;31;9;Frank Löning;D;13;4;1;
1007;31;9;Flamur Kastrati;NOR;0;0;0;
1008;31;0;Max Gehrmann;D;0;0;0;
1009;32;1;Patric Klandt;D;32;0;0;
1010;32;21;Sören Pirson;D;2;0;0;
1011;32;24;Jannis Pellowski;D;0;0;0;
1012;32;15;Alexander Huber;D;32;1;4;
1013;32;3;Björn Schlicke;D;27;0;0;
1014;32;5;Manuel Konrad;D;27;0;2;
1015;32;17;Joan Oumari;D;27;1;1;
1016;32;4;Nils Teixeira;D;23;1;1;
1017;32;18;Marcel Kandziora;D;11;0;0;
1018;32;14;Nestor Djengoue;I/CMR;9;0;0;
1019;32;31;Tim Heubach;D;6;0;0;
1020;32;8;Michael Görlitz;D;33;3;4;
1021;32;26;Denis Epstein;D;31;6;4;
1022;32;6;Joni Kauko;FIN;26;0;2;
1023;32;22;Odise Roshi;ALB;22;1;2;
1024;32;10;Nikita Rukavytsya;AUS;19;2;0;
1025;32;16;Marc Heitmeier;D;17;0;2;
1026;32;7;Marc-André Kruska;D;12;0;0;
1027;32;37;Zafer Yelen;D;10;3;0;
1028;32;30;Faton Toski;D;6;0;0;
1029;32;23;Marcel Kaffenberger;D;1;0;0;
1030;32;25;Emre Nefiz;D;0;0;0;
1031;32;27;Ahmed Azaouagh;D;0;0;0;
1032;32;0;Mario Engels;D;0;0;0;
1033;32;20;Mathew Leckie;AUS;30;9;9;
1034;32;9;Edmond Kapllani;ALB;29;10;2;
1035;32;19;Andrew Wooten;USA/D;14;4;0;
1036;32;0;Markus Ziereis;D;5;1;0;
1037;32;11;Chhunly Pagenburg;D;4;0;0;
1038;33;1;Andreas Luthe;D;31;0;0;
1039;33;31;Michael Esser;D;4;0;0;
1040;33;32;Felix Dornebusch;D;0;0;0;
1041;33;34;Jonas Ermes;D;0;0;0;
1042;33;4;Marcel Maltritz;D;32;2;1;
1043;33;19;Patrick Fabian;D;31;2;3;
1044;33;23;Florian Jungwirth;D;29;1;3;
1045;33;26;Jonas Acquistapace;D;24;0;1;
1046;33;15;Hólmar Örn Eyjólfsson;ISL;18;1;0;
1047;33;11;Felix Bastians;D;13;0;0;
1048;33;5;Heiko Butscher;D;10;3;0;
1049;33;0;Lukas Klostermann;D;8;0;0;
1050;33;3;Fabian Holthaus;D;4;0;0;
1051;33;6;Lukas Sinkiewicz;D;3;0;0;
1052;33;2;Jan Gyamerah;D;2;0;0;
1053;33;0;Mounir Chaftar;D;1;0;0;
1054;33;24;Carsten Rothenbach;D;0;0;0;
1055;33;30;Michael Lumb;DEN;0;0;0;
1056;33;18;Danny Latza;D;33;2;4;
1057;33;10;Yusuke Tasaka;JAP;31;3;3;
1058;33;20;Piotr Cwielong;PL;30;1;1;
1059;33;7;Paul Freier;D;26;0;2;
1060;33;8;Christian Tiffert;D;24;0;3;
1061;33;14;Adnan Zahirovic;BOS;12;0;0;
1062;33;25;Onur Bulut;D/TUR;9;0;0;
1063;33;20;Faton Toski;D;1;0;0;
1064;33;0;Henrik Gulden;D;1;0;0;
1065;33;16;Michael Delura;D;0;0;0;
1066;33;0;Enes Uzun;D/TUR;0;0;0;
1067;33;0;Philipp Semlits;D;0;0;0;
1068;33;9;Richard Sukuta-Pasu;D;31;6;0;
1069;33;22;Mirkan Aydin;TUR/D;28;4;1;
1070;33;12;Ken Ilsö;DEN;14;2;2;
1071;33;28;Sven Kreyer;D;10;1;0;
1072;33;17;Smail Morabit;F;0;0;0;
1073;33;27;Selim Gündüz;D;0;0;0;
1074;34;13;Benjamin Kirsten;D;27;0;0;
1075;34;1;Markus Scholz;D;6;0;0;
1076;34;35;Florian Fromlowitz;D;0;0;0;
1077;34;0;Marek Große;D;0;0;0;
1078;34;5;Romain Bregerie;F;33;1;0;
1079;34;23;Thorsten Schulz;D;24;1;0;
1080;34;24;Christoph Menz;D;21;1;2;
1081;34;27;Sebastian Schuppan;D;20;1;1;
1082;34;4;Cheikh Gueye;SEN;19;0;0;
1083;34;21;Adam Susac;CRO;16;1;1;
1084;34;37;Toni Leistner;D;15;0;0;
1085;34;17;Adnan Mravac;BOS;8;0;0;
1086;34;14;Alban Sabah;TGA/D;1;0;0;
1087;34;21;Muhamed Subasic;BOS;1;0;0;
1088;34;0;Cüneyt Köz;TUR;0;0;0;
1089;34;11;Anthony Losilla;F;33;0;1;
1090;34;7;Idir Ouali;F;31;3;6;
1091;34;25;Robert Koch;D;22;3;1;
1092;34;18;Tobias Kempe;D;20;4;0;
1093;34;40;Cristian Fiél;E;16;1;2;
1094;34;19;Vincenzo Grifo;D/I;13;1;1;
1095;34;6;Marco Hartmann;D;11;2;0;
1096;34;38;Tobias Müller;D;10;1;0;
1097;34;34;Marvin Stefaniak;D;8;0;0;
1098;34;8;Filip Trojan;CZE;7;0;0;
1099;34;22;Zlatko Dedic;SLO;31;6;2;
1100;34;10;Mickael Poté;BEN;30;2;4;
1101;34;15;Mohamed Aoudia;ALG;15;6;0;
1102;34;0;Soufian Benyamina;D;4;0;0;
1103;34;31;Paul Milde;D;2;0;0;
1104;35;1;Patrick Platins;D;19;0;0;
1105;35;24;Stefan Ortega;D;14;0;0;
1106;35;27;Jarno Peters;D;0;0;0;
1107;35;4;Marcel Appiah;D;31;0;4;
1108;35;14;Manuel Hornig;D;24;0;0;
1109;35;29;Arne Feick;D;23;0;1;
1110;35;5;Thomas Hübener;D;22;2;0;
1111;35;11;Stephan Salger;D;21;0;1;
1112;35;19;Felix Burmeister;D;16;0;0;
1113;35;2;Jonas Strifler;D;6;0;0;
1114;35;28;Vujadin Savic;SER;6;0;0;
1115;35;3;Dennis Riemer;D;0;0;0;
1116;35;0;Jerome Propheter;D;0;0;0;
1117;35;21;Patrick Schönfeld;D;31;3;6;
1118;35;6;Tom Schütz;D;26;1;2;
1119;35;16;Philipp Riese;D;26;3;1;
1120;35;7;Marc Lorenz;D;25;3;3;
1121;35;37;Christian Müller;D;25;3;5;
1122;35;8;Tim Jerat;D;22;5;1;
1123;35;30;Sebastian Hille;D;21;2;0;
1124;35;13;Johannes Rahn;D;16;1;0;
1125;35;20;Jan Fießer;D;9;0;0;
1126;35;17;Oliver Petersch;D;2;0;0;
1127;35;0;Bashkim Renneke;D;2;0;0;
1128;35;25;Patrick Mainka;D;1;0;0;
1129;35;22;Philipp Heithölter;D;0;0;0;
1130;35;23;Pascal Schmidt;D;0;0;0;
1131;35;29;Nuri Konak;D;0;0;0;
1132;35;32;Khalil Kleit;GUI;0;0;0;
1133;35;33;Erdogan Yesilyurt;D;0;0;0;
1134;35;9;Fabian Klos;D;28;7;4;
1135;35;10;Kacper Przybylko;PL;13;3;0;
1136;35;35;Ben Sahar;ISR;11;3;0;
1137;35;15;Anass Achahbar;NL;10;1;0;
1138;35;0;Francky Sembolo;CGO;8;0;0;
1139;35;10;Pascal Testroet;D;0;0;0;
1140;35;31;Sebastian Glasner;D;0;0;0;
1141;36;1;Robert Almer;A;18;0;0;
1142;36;12;René Renno;D;15;0;0;
1143;36;31;Niclaas Heimann;D;0;0;0;
1144;36;6;Uwe Möhrle;D;30;1;0;
1145;36;15;Alexander Bittroff;D;28;1;3;
1146;36;18;Jurica Buljat;CRO;23;0;1;
1147;36;33;Michael Schulze;D;20;0;1;
1148;36;13;Julian Börner;D;15;0;0;
1149;36;29;Ahmed Madouni;F/ALG;9;0;1;
1150;36;16;Daniel Svab;HUN;8;0;0;
1151;36;5;Mateo Susic;BOS;5;0;0;
1152;36;3;Guillaume Rippert;F;0;0;0;
1153;36;16;Martin Dahm;D;0;0;0;
1154;36;0;Markus Brzenska;D;0;0;0;
1155;36;4;Ivica Banovic;CRO;28;4;1;
1156;36;25;Stiven Rivic;CRO;24;1;0;
1157;36;20;Charles Takyi;GHA/D;21;2;0;
1158;36;37;Christian Bickel;D;20;0;2;
1159;36;22;André Fomitschow;D;19;0;1;
1160;36;0;Marc-André Kruska;D;17;2;0;
1161;36;40;Fanol Perdedaj;ALB;12;0;0;
1162;36;19;Amin Affane;SWE;9;2;0;
1163;36;17;Steffen Bohl;D;3;0;1;
1164;36;7;Daniel Brinkmann;D;2;0;0;
1165;36;14;Nicolas Farina;F;1;0;0;
1166;36;21;Sebastian Mrowca;D;1;0;0;
1167;36;9;Marco Stiepermann;D;29;5;8;
1168;36;26;Erik Jendrisek;SVK;28;1;2;
1169;36;27;Boubacar Sanogo;CIV;28;10;1;
1170;36;35;Sven Michel;D;13;2;2;
1171;36;24;Mathias Fetsch;D;11;1;1;
1172;36;0;John Jairo Mosquera;KOL;5;0;0;
1173;36;34;Tim Kleindienst;D;2;0;0;
1174;36;0;Paul Röwer;D;2;1;0;
1175;37;0;Erol Sabanov;D;31;0;0;
1176;37;0;Rouven Sattelmaier;D;6;0;0;
1177;37;0;Felix Körber;D;0;0;0;
1178;37;0;Philipp Heise;D;37;2;0;
1179;37;0;Tim Göhlert;D;35;4;0;
1180;37;0;Mathias Wittek;D;34;1;0;
1181;37;0;Dennis Malura;D;25;0;0;
1182;37;0;Florian Krebs;D;7;1;0;
1183;37;0;Marc Endres;D;7;0;0;
1184;37;0;Daniel Vier;BRA/D;5;0;0;
1185;37;0;Ingo Feistle;D;1;0;0;
1186;37;0;Timo Beermann;D;0;0;0;
1187;37;0;Florian Tausendpfund;D;0;0;0;
1188;37;0;Lukas Kohler;D;0;0;0;
1189;37;0;Marc Schnatterer;D;37;13;0;
1190;37;0;Sebastian Griesbeck;D;36;1;0;
1191;37;0;Julius Reinhardt;D;34;2;0;
1192;37;0;Robert Strauß;D;31;0;0;
1193;37;0;Sven Sökler;D;29;3;0;
1194;37;0;Alper Bagceci;TUR;29;3;0;
1195;37;0;Marcel Titsch-Rivero;D;19;2;0;
1196;37;0;Christian Sauter;D;8;0;0;
1197;37;0;Michael Deutsche;D;2;0;0;
1198;37;0;Maurizio Scioscia;I;0;0;0;
1199;37;0;David Schittenhelm;D;0;0;0;
1200;37;0;Florian Niederlechner;D;30;6;0;
1201;37;0;Smail Morabit;F;29;8;0;
1202;37;0;Michael Thurk;D;23;2;0;
1203;37;0;Patrick Mayer;D;18;6;0;
1204;37;0;Bastian Heidenfelder;D;1;0;0;
1205;37;0;Nicolai Groß;D;0;0;0;
1206;37;0;Nico Frommer;D;0;0;0;
1207;38;0;Fabio Coltorti;CH;21;0;0;
1208;38;0;Benjamin Bellot;D;9;0;0;
1209;38;0;Eric Domaschke;D;8;0;0;
1210;38;0;Andreas Kerner;D;0;0;0;
1211;38;0;Niklas Hoheneder;A;31;1;0;
1212;38;0;Tim Sebastian;D;29;0;0;
1213;38;0;Anthony Jung;D;22;3;0;
1214;38;0;Fabian Franke;D;22;1;0;
1215;38;0;Tobias Willers;D;17;1;0;
1216;38;0;Christian Müller;D;10;0;0;
1217;38;0;Juri Judt;D;6;0;0;
1218;38;0;Mikko Sumusalo;FIN;1;0;0;
1219;38;0;Matthias Buszkowiak;D;0;0;0;
1220;38;0;Daniel Rosin;D;0;0;0;
1221;38;0;Alexander Siebeck;D;0;0;0;
1222;38;0;Dominik Kaiser;D;35;12;0;
1223;38;0;Sebastian Heidinger;D;29;4;0;
1224;38;0;Timo Röttger;D;28;0;0;
1225;38;0;Joshua Kimmich;D;24;1;0;
1226;38;0;Henrik Ernst;D;20;0;0;
1227;38;0;Clemens Fandrich;D;19;1;0;
1228;38;0;Bastian Schulz;D;14;3;0;
1229;38;0;Diego Demme;D/I;14;0;0;
1230;38;0;Georg Teigl;A;13;0;0;
1231;38;0;Andre Luge;D;5;1;0;
1232;38;0;Thiago Rockenbach Da Silva;BRA;4;0;0;
1233;38;0;Christos Papadimitriou;GR;1;0;0;
1234;38;0;Alexander Laas;D;0;0;0;
1235;38;0;Jeremy Opoku-Karikari;D;0;0;0;
1236;38;0;Jeremy Karikari;D;0;0;0;
1237;38;0;René-Mike Legien;D;0;0;0;
1238;38;0;Yussuf Poulsen;DEN;34;8;0;
1239;38;0;Daniel Frahn;D;33;19;0;
1240;38;0;Matthias Morys;D;18;1;0;
1241;38;0;Denis Thomalla;D;17;2;0;
1242;38;0;Carsten Kammlott;D;13;1;0;
1243;38;0;Federico Palacios-Martinez;D;5;0;0;
1244;38;0;Richard van den Bosch;D;0;0;0;
1245;38;0;Vincent Rabiega;D/PL;0;0;0;
1246;39;0;Jan Zimmermann;D;37;0;0;
1247;39;0;David Salfeld;D;0;0;0;
1248;39;0;Steven Braunsdorf;D;0;0;0;
1249;39;0;Michael Stegmayer;D;36;1;0;
1250;39;0;Benjamin Gorka;D;35;1;0;
1251;39;0;Aytac Sulu;TUR;35;2;0;
1252;39;0;Sandro Sirigu;I;29;2;0;
1253;39;0;Benjamin Maas;D;27;0;0;
1254;39;0;Aaron Berzel;D;26;1;0;
1255;39;0;Julian Ratei;D;3;0;0;
1256;39;0;Serkan Firat;D/TUR;1;0;0;
1257;39;0;Marcel Heller;D;36;2;0;
1258;39;0;Hanno Behrens;D;35;3;0;
1259;39;0;Jerome Gondorf;D;35;2;0;
1260;39;0;Milan Ivana;SVK;33;4;0;
1261;39;0;Elton da Costa;BRA;27;3;0;
1262;39;0;Julius Valentin Biada;D;15;1;0;
1263;39;0;Benjamin Baier;D;10;1;0;
1264;39;0;Josip Landeka;CRO;9;0;0;
1265;39;0;Uwe Hesse;D;4;0;0;
1266;39;0;Nikola Mladenovic;D;1;0;0;
1267;39;0;Dominik Stroh-Engel;D;33;27;0;
1268;39;0;Marco Sailer;D;31;2;0;
1269;39;0;Dennis Schmidt;D;7;0;0;
1270;39;0;Markus Ziereis;D;6;0;0;
1271;39;0;Rudolph Hübner;D;1;0;0;
1272;42;0;Marcus Kolke;D;24;0;0;
1273;42;0;Michael Gurski;D;13;0;0;
1274;42;0;Raphael Laux;D;0;0;0;
1275;42;0;Nico Herzig;D;32;2;0;
1276;42;0;Marcus Mann;D;24;3;0;
1277;42;0;Maximilian Ahlschwede;D;23;0;0;
1278;42;0;Alexander Nandzik;D;20;1;0;
1279;42;0;Jovan Vidovic;SLO;18;1;0;
1280;42;0;Denis Perger;SLO;13;0;0;
1281;42;0;Adam Straith;CAN;7;0;0;
1282;42;0;Stephan Gusche;D;2;0;0;
1283;42;0;Daniel Döringer;D;0;0;0;
1284;42;0;Tobias Jänicke;D;36;9;0;
1285;42;0;Robert Müller;D;35;1;0;
1286;42;0;Alf Mintzel;D;34;3;0;
1287;42;0;Michael Wiemann;D;34;4;0;
1288;42;0;Nils-Ole Book;D;32;2;0;
1289;42;0;Julian Grupp;D;27;0;0;
1290;42;0;Maciej Zieba;PL;18;0;0;
1291;42;0;Martin Röser;D;18;2;0;
1292;42;0;Steffen Haas;D;11;0;0;
1293;42;0;Marco Christ;D;6;0;0;
1294;42;0;Julian Wießmeier;D;3;0;0;
1295;42;0;Maik Vetter;D;0;0;0;
1296;42;0;Jeff Gyasi;D;0;0;0;
1297;42;0;José Pierre Vunguidica;ANG;33;10;0;
1298;42;0;Luca Schnellbacher;D;25;4;0;
1299;42;0;Marco Königs;D;17;0;0;
1300;42;0;Sascha Wolfert;D;8;0;0;
1301;40;0;Daniel Heuer-Fernandes;D;34;0;0;
1302;40;0;Frank Lehmann;D;4;0;0;
1303;40;0;Björn Bussmann;D;0;0;0;
1304;40;0;Nils Zumbeel;D;0;0;0;
1305;40;0;David Pisot;D;35;2;0;
1306;40;0;Michael Hohnstedt;D;34;3;0;
1307;40;0;Sebastian Neumann;D;33;1;0;
1308;40;0;Alexander Dercho;D;32;3;0;
1309;40;0;Marcel Stadel;D;22;0;0;
1310;40;0;Florian Krebs;D;5;0;0;
1311;40;0;Paul Thomik;D;2;1;0;
1312;40;0;Martin Hudec;CZE;0;0;0;
1313;40;0;Alexander Krük;D;0;0;0;
1314;40;0;Thijs Bouma;NL;0;0;0;
1315;40;0;Daniel Nagy;HUN;31;3;0;
1316;40;0;Nicolas Feldhahn;D;31;5;0;
1317;40;0;Massimo Ornatelli;I;30;5;0;
1318;40;0;Erik Zenga;D;28;0;0;
1319;40;0;Tom Merkens;D;20;0;0;
1320;40;0;Yannic Thiel;D;16;0;0;
1321;40;0;Michael Blum;D;16;0;0;
1322;40;0;Timo Kunert;D;12;0;0;
1323;40;0;Andreas Glockner;D;11;0;0;
1324;40;0;Jeremy Karikari;D;7;0;0;
1325;40;0;Timo Staffeldt;D;0;0;0;
1326;40;0;Daniel Latkowski;D;0;0;0;
1327;40;0;Julian Wolf;D;0;0;0;
1328;40;0;Sandro Heskamp;D;0;0;0;
1329;40;0;Adriano Grimaldi;I;29;12;0;
1330;40;0;Pascal Testroet;D;26;10;0;
1331;40;0;Stanislav Iljutcenko;D;21;0;0;
1332;40;0;Andreas Spann;D;18;2;0;
1333;40;0;Dennis Wegner;D;9;1;0;
1334;40;0;Roman Prokoph;D;6;1;0;
1335;40;0;Malte Nieweler;D;2;0;0;
1336;40;0;Marcel Kunstmann;D;1;0;0;
1337;40;0;Christian Pauli;D;0;0;0;
1338;44;0;Michael Ratajczak;D;32;0;0;
1339;44;30;Marcel Lenz;D;6;0;0;
1340;44;1;Roland Müller;D;0;0;0;
1341;44;0;Maurice Schumacher;D;0;0;0;
1342;44;0;Phil Ofosu-Ayeh (ehe. Schlüter);D;32;1;0;
1343;44;5;Branimir Bajic;BOS;31;3;0;
1344;44;3;Markus Bollmann;D;29;3;0;
1345;44;0;Matthias Kühne;D;25;0;0;
1346;44;0;Tobias Feisthammel;D;24;1;0;
1347;44;0;Maximilian Güll;D;11;0;0;
1348;44;0;Christian Eichner;D;10;0;0;
1349;44;0;Babacar M´Bengue;SEN/D;3;0;0;
1350;44;4;Dzemal Berberovic;BOS;0;0;0;
1351;44;6;Benjamin Kern;D;0;0;0;
1352;44;16;Stephan Hennen;D;0;0;0;
1353;44;19;Andreas Ibertsberger;A;0;0;0;
1354;44;31;Xhelil Abdulla;MKD;0;0;0;
1355;44;0;Jens Wissing;D;0;0;0;
1356;44;0;Pierre de Wit;D;34;2;0;
1357;44;0;Patrick Zoundi;BFA;32;5;0;
1358;44;26;Tanju Öztürk;D;31;1;0;
1359;44;17;Kevin Wolze;D;29;4;0;
1360;44;0;Michael Gardawski;D;27;3;0;
1361;44;21;Sascha Dum;D;20;0;0;
1362;44;0;Deniz Aycicek;D;20;2;0;
1363;44;0;Athanasios Tsourakis;GR;20;2;0;
1364;44;0;Nikolas Ledgerwood;CAN;16;0;0;
1365;44;0;Erdogan Yesilyurt;D;13;1;0;
1366;44;0;Dominik Reinert;D;1;0;0;
1367;44;0;Gökhan Lekesiz;D;1;0;0;
1368;44;10;Jürgen Gjasula;D;0;0;0;
1369;44;28;Dusan Jevtic;BOS;0;0;0;
1370;44;33;Zvonko Pamic;CRO;0;0;0;
1371;44;34;Antonio da Silva;BRA;0;0;0;
1372;44;0;Kingsley Onuegbu;NGA;36;14;0;
1373;44;0;Gerrit Wegkamp;D;14;0;0;
1374;44;0;Filip Orsula;SVK;12;0;0;
1375;44;32;Julien Rybacki;D;2;0;0;
1376;44;9;Valeri Domovchiyski;BUL;0;0;0;
1377;43;0;Markus Krauß;D;21;0;0;
1378;43;0;Daniel Wagner;D;9;0;0;
1379;43;0;Mark-Patrick Redl;D;8;0;0;
1380;43;0;Fabian Baumgärtel;D;37;2;0;
1381;43;0;Fabio Leutenecker;D;34;2;0;
1382;43;0;Marc Stein;D;32;0;0;
1383;43;0;Elia Soriano;I;32;7;0;
1384;43;0;Fabian Gerster;D;30;0;0;
1385;43;0;Royal Dominique Fennell;D;26;1;0;
1386;43;0;Julian Leist;D;20;0;0;
1387;43;0;Patrick Auracher;D;17;0;0;
1388;43;0;Kai-Bastian Evers;D;8;0;0;
1389;43;0;Athanasios Raptis;GR;6;0;0;
1390;43;0;Abdulsamed Akin;D;5;0;0;
1391;43;0;Pascal Schmidt;D;2;0;0;
1392;43;0;Stefan Maletic;SER;2;0;0;
1393;43;0;Simon Köpf;D;0;0;0;
1394;43;0;Sandrino Braun;D;36;2;0;
1395;43;0;Vincenzo Marchese;D;30;12;0;
1396;43;0;Gerrit Müller;D;17;1;0;
1397;43;0;Patrick Milchraum;D;9;0;0;
1398;43;0;Andreas Ivan;D;9;0;0;
1399;43;0;Mahir Savranlioglu;TUR;4;0;0;
1400;43;0;Paul Grischok;D;4;0;0;
1401;43;0;Omar Jatta;GAM;2;0;0;
1402;43;0;Marcel Ivanusa;D;1;0;0;
1403;43;0;Ramazan Kandazoglu;TUR/D;0;0;0;
1404;43;0;Nico Plattek;D;0;0;0;
1405;43;0;Fabian Skoko;D;0;0;0;
1406;43;0;Marco Calamita;D;20;4;0;
1407;43;0;Lhadji Badiane;F;19;4;0;
1408;43;0;Marcos Alvarez;D;16;4;0;
1409;43;0;Randy Edwini-Bonsu;CAN/GHA;16;2;0;
1410;43;0;Kevin Dicklhuber;D;15;2;0;
1411;43;0;Shkemb Miftari;D;11;0;0;
1412;43;0;Nermin Ibrahimovic;SER;4;0;0;
1413;43;0;Daniel Engelbrecht;D;2;0;0;
1414;43;0;Andre Kriks;D;0;0;0;
1415;43;0;Peter Sprung;D;0;0;0;
1416;43;0;Karim Rouani;F;0;0;0;
1417;45;0;Pierre Kleinheider;D;34;0;0;
1418;45;0;Dominik Kisiel;PL;3;0;0;
1419;45;0;Franco Flückiger;D;0;0;0;
1420;45;0;Daniel Ziebig;D;35;0;0;
1421;45;0;Florian Brügmann;D;31;0;0;
1422;45;0;Kristian Kojola;FIN;20;1;0;
1423;45;0;Marcel Baude;D;17;1;0;
1424;45;0;Philipp Zeiger;D;15;0;0;
1425;45;0;Patrick Mouaya;COD;14;0;0;
1426;45;0;Robert Schick;D;11;0;0;
1427;45;0;Adli Lachheb;TUN;5;0;0;
1428;45;0;Akaki Gogia;D;35;8;0;
1429;45;0;Marcel Franke;D;35;2;0;
1430;45;0;Sören Bertram;D;35;11;0;
1431;45;0;Toni Lindenhahn;D;25;3;0;
1432;45;0;Björn Ziegenbein;D;20;2;0;
1433;45;0;Niklas Brandt;D;15;0;0;
1434;45;0;Pierre Becken;D;14;0;0;
1435;45;0;Tim Kruse;D;14;0;0;
1436;45;0;Anton Müller;D;12;0;0;
1437;45;0;Maik Wagefeld;D;6;0;0;
1438;45;0;Mustapha Amari;D;1;0;0;
1439;45;0;Telmo Texeira-Rebelo;POR;0;0;0;
1440;45;0;Stefan Ronneburg;D;0;0;0;
1441;45;0;Timo Furuholm;FIN;31;11;0;
1442;45;0;Tony Schmidt;D;27;0;0;
1443;45;0;Pierre Merkel;D;24;2;0;
1444;45;0;Francky Sembolo;CGO;13;7;0;
1445;45;0;Maximilian Hecht;D;0;0;0;
1446;50;0;Daniel Masuch;D;34;0;0;
1447;50;0;Maximilian Schulze-Niehues;D;3;0;0;
1448;50;0;Recep Aziz;D;1;0;0;
1449;50;0;Cedric Wilmes;D;0;0;0;
1450;50;0;Dominik Schmidt;D;28;2;0;
1451;50;0;Fabian Hergesell;D;25;1;0;
1452;50;0;Simon Scherder;D;22;4;0;
1453;50;0;Kevin Schöneberg;D;20;1;0;
1454;50;0;Patrick Kirsch;D;17;0;0;
1455;50;0;Robin Neupert;D;13;0;0;
1456;50;0;Marco Pischorn;D;9;0;0;
1457;50;0;Clement Halet;F;6;0;0;
1458;50;0;Philipp Röhe;D;1;0;0;
1459;50;0;Jens Truckenbrod;D;37;1;0;
1460;50;0;Benjamin Siegert;D;33;1;0;
1461;50;0;Dennis Grote;D;33;9;0;
1462;50;0;Marcus Piossek;D;29;6;0;
1463;50;0;Amaury Bischoff;F/POR;28;3;0;
1464;50;0;Stefan Kühne;D;26;2;0;
1465;50;0;Mehmet Kara;TUR;26;1;0;
1466;50;0;Julian Riedel;FIN/D;22;0;0;
1467;50;0;Marko Karamarko;CRO;0;0;0;
1468;50;0;Pascal Koopmann;D;0;0;0;
1469;50;0;Malte Grashoff;D;0;0;0;
1470;50;0;Matthew Taylor;USA;33;6;0;
1471;50;0;Rogier Krohne;NL;32;7;0;
1472;50;0;Gaetano Manno;I;17;2;0;
1473;50;0;Soufian Benyamina;D;16;6;0;
1474;50;0;Zlatko Muhovic;BOS/D;2;0;0;
1475;50;0;Michael Holt;D;1;0;0;
1476;47;0;Bernhard Hendl;A;24;0;0;
1477;47;0;Patrick Wiegers;D;13;0;0;
1478;47;0;Sebastian Nachreiner;D;37;0;0;
1479;47;0;Mario Neunaber;D;32;6;0;
1480;47;0;Andreas Güntner;D;26;0;0;
1481;47;0;Jonatan Kotzke;D;25;2;0;
1482;47;0;Thorben Stadler;D;6;0;0;
1483;47;0;Thorben Stadler;D;0;0;0;
1484;47;0;Jim-Patrick Müller;D;34;7;0;
1485;47;0;Gino Windmüller;D;33;2;0;
1486;47;0;Oliver Hein;D;32;2;0;
1487;47;0;Aias Aosman;TUR;32;5;0;
1488;47;0;Azur Velagic;BOS;24;0;0;
1489;47;0;Markus Smarzoch;D;23;2;0;
1490;47;0;Patrick Haag;D;20;0;0;
1491;47;0;Fabian Trettenbach;D;15;1;0;
1492;47;0;Marius Müller;D;10;0;0;
1493;47;0;Dimitrios Anastasopoulos;GR;4;0;0;
1494;47;0;Romain Dedola;F;0;0;0;
1495;47;0;Abdenour Amachaibou;D/MAR;35;11;0;
1496;47;0;Benedikt Schmid;D;21;2;0;
1497;47;0;Romas Dressler;D;18;5;0;
1498;47;0;Daniel Franziskus;D;16;3;0;
1499;47;0;Zlatko Muhovic;BOS/D;15;2;0;
1500;47;0;Ruben Popa;D;13;0;0;
1501;47;0;Thomas Kurz;D;6;1;0;
1502;47;0;Sergio Pardo;E;0;0;0;
1503;53;0;Philipp Pentke;D;34;0;0;
1504;53;0;Stefan Riederer;D;3;0;0;
1505;53;0;Silvio Bankert;D;36;1;0;
1506;53;0;Fabian Stenzel;D;33;0;0;
1507;53;0;Kevin Conrad;D;30;0;0;
1508;53;0;Thomas Birk;D;24;0;0;
1509;53;0;Josef Cinar;D;16;1;0;
1510;53;0;Marcel Hofrath;D;13;4;0;
1511;53;0;Toni Wachsmuth;D;9;0;0;
1512;53;0;Pierre Le Beau;D;6;0;0;
1513;53;0;Jeron Hazaimeh;D;3;0;0;
1514;53;0;Marc Hensel;D;30;1;0;
1515;53;0;Sascha Pfeffer;D;30;2;0;
1516;53;0;Maik Kegel;D;29;3;0;
1517;53;0;Ronny Garbuschewski;D;26;7;0;
1518;53;0;Kolja Pusch;D;20;2;0;
1519;53;0;Christian Mauersberger;D;16;1;0;
1520;53;0;Anton Makarenko;UKR;15;1;0;
1521;53;0;Tom Scheffel;D;15;1;0;
1522;53;0;Marc Lais;D;15;0;0;
1523;53;0;Josip Landeka;CRO;8;0;0;
1524;53;0;Florian Hansch;D;2;0;0;
1525;53;0;Anton Fink;D;35;12;0;
1526;53;0;Tino Semmer;D;30;1;0;
1527;53;0;Benjamin Förster;D;27;5;0;
1528;41;0;Jörg Hahnel;D;21;0;0;
1529;41;0;Johannes Brinkies;D;18;0;0;
1530;41;0;Fabian Künnemann;D;0;0;0;
1531;41;0;Alexandre Mendy;F;36;1;0;
1532;41;0;Shervin Radjabali-Fardi;D;35;2;0;
1533;41;0;Steven Ruprecht;D;32;1;0;
1534;41;0;Tommy Grupe;D;27;3;0;
1535;41;0;Sebastian Pelzer;D;23;0;0;
1536;41;0;Lukas Pägelow;D;2;0;0;
1537;41;0;Rick Geenen;NL;0;0;0;
1538;41;0;Ronny Marcos;D;0;0;0;
1539;41;0;Julian Moritz Jakobs;D;35;4;0;
1540;41;0;David Blacha;D;35;10;0;
1541;41;0;Dennis Weidlich;D;31;0;0;
1542;41;0;Leonhard Haas;D;27;1;0;
1543;41;0;Milorad Pekovic;MON;24;1;0;
1544;41;0;Manfred Starke;NAM/D;21;1;0;
1545;41;0;Sascha Schünemann;D;17;0;0;
1546;41;0;Robin Krauße;D;10;0;0;
1547;41;0;Max Christiansen;D;6;1;0;
1548;41;0;Ken Leemans;B;4;0;0;
1549;41;0;Martin Pett;D;3;0;0;
1550;41;0;Dennis Srbeny;D;2;0;0;
1551;41;0;Halil Savran;D;31;8;0;
1552;41;0;Nikolaos Ioannidis;GR;29;6;0;
1553;41;0;Johan Plat;NL;22;4;0;
1554;41;0;Mustafa Kucukovic;D;20;1;0;
1555;41;0;Henry Haufe;D;1;0;0;
1556;41;0;Nils Quaschner;D;0;0;0;
1557;41;0;Sargis Adamyan;ARM;0;0;0;
1558;46;0;Philipp Klewin;D;36;0;0;
1559;46;0;Jean-Francois Kornetzky;F;1;0;0;
1560;46;0;Paul Büchel;D;0;0;0;
1561;46;0;Stefan Kleineheismann;D;35;0;0;
1562;46;0;Luka Odak;CRO;32;0;0;
1563;46;0;André Laurito;D;23;1;0;
1564;46;0;Niklas Kreuzer;D;17;0;0;
1565;46;0;Jens Möckel;D;5;0;0;
1566;46;0;Saheed Mustapha;D;1;0;0;
1567;46;0;Bernd Rauw;B;0;0;0;
1568;46;0;Johannes Bergmann;D;0;0;0;
1569;46;0;Marco Engelhardt;D;35;5;0;
1570;46;0;Rafael Czichos;D;32;2;0;
1571;46;0;Patrick Göbel;D;29;3;0;
1572;46;0;Nils Pfingsten-Reddig;D;28;6;0;
1573;46;0;Kevin Möhwald;D;27;2;0;
1574;46;0;Maik Baumgarten;D;22;0;0;
1575;46;0;Andreas Wiegel;D;21;2;0;
1576;46;0;Marius Strangl;D;20;2;0;
1577;46;0;Christopher Drazan;A;16;2;0;
1578;46;0;Mario Fillinger;D;9;0;0;
1579;46;0;Morten Nielsen;DEN;3;0;0;
1580;46;0;Okan Derici;D;1;0;0;
1581;46;0;Leon Packheiser;D;1;0;0;
1582;46;0;Philipp Serrek;D;1;0;0;
1583;46;0;Felix Robrecht;D;0;0;0;
1584;46;0;Fabian Skoko;D;0;0;0;
1585;46;0;Sepehr Nikroo;D;0;0;0;
1586;46;0;Jonas Nietfeld;D;25;5;0;
1587;46;0;Mijo Tunjic;NL;24;3;0;
1588;46;0;Simon Brandstetter;D;19;5;0;
1589;46;0;Aykut Öztürk;D;19;4;0;
1590;46;0;Carsten Kammlott;D;14;9;0;
1591;46;0;Sebastian Stolze;D;13;1;0;
1592;46;0;Otis Breustedt;D;3;0;0;
1593;46;0;Tommy Kind;D;0;0;0;
1594;48;0;Odisseas Vlachodimos;D;22;0;0;
1595;48;0;Kevin Müller;D;15;0;0;
1596;48;0;Thomas Geyer;D;35;1;0;
1597;48;0;Steffen Lang;D;29;0;0;
1598;48;0;Tim Leibold;D;28;0;0;
1599;48;0;Philipp Mwene;A;19;0;0;
1600;48;0;Daniel Vier;BRA/D;12;2;0;
1601;48;0;Francesco Lovric;A;5;0;0;
1602;48;0;Benedikt Röcker;D;4;1;0;
1603;48;0;Karim Haggui;TUN;1;0;0;
1604;48;0;Benjamin Kirchhoff;D;0;0;0;
1605;48;0;Marvin Wanitzek;;33;4;0;
1606;48;0;Tobias Rathgeb;D;32;2;0;
1607;48;0;Manuel Janzer;D;30;6;0;
1608;48;0;Lukas Kiefer;D;27;2;0;
1609;48;0;Sinan Gümüs;TUR;18;1;0;
1610;48;0;Timo Cecen;D;15;0;0;
1611;48;0;Besar Halimi;D;13;1;0;
1612;48;0;Rani Khedira;D;12;1;0;
1613;48;0;Robin Yalcin;D;11;0;0;
1614;48;0;Patrick Funk;D;10;0;0;
1615;48;0;Milos Degenek;AUS;9;0;0;
1616;48;0;Timo Baumgartl;D;5;1;0;
1617;48;0;Gratas Sirgedas;LIT;3;0;0;
1618;48;0;Daniel Didavi;D;2;0;0;
1619;48;0;Marco Rojas;NZL;2;0;0;
1620;48;0;Sven Mende;D;0;0;0;
1621;48;0;Marco Grüttner;D;34;10;0;
1622;48;0;Erich Berko;D;26;2;0;
1623;48;0;Alexander Riemann;D;26;4;0;
1624;48;0;Pascal Breier;D;25;6;0;
1625;48;0;Felix Lohkemper;D;6;0;0;
1626;48;0;Timo Werner;D;1;1;0;
1627;48;0;Jerome Kiesewetter;D;0;0;0;
1628;48;0;Marko Maletic;NL;0;0;0;
1629;49;0;Zlatan Alomerovic;D;30;0;0;
1630;49;0;Hendrik Bonmann;D;4;0;0;
1631;49;0;Johannes Focher;D;4;0;0;
1632;49;0;Tim Hohmann;D;0;0;0;
1633;49;0;Marc Hornschuh;D;35;2;0;
1634;49;0;Thomas Meißner;D;35;0;0;
1635;49;0;Evans Nyarko;GHA/D;31;1;0;
1636;49;0;Marian Sarr;D;24;1;0;
1637;49;0;Jannik Bandowski;D;17;1;0;
1638;49;0;Jeremy Dudziak;D;12;0;0;
1639;49;0;Koray Günter;D;8;0;0;
1640;49;0;Marcel Deelen;D;4;0;0;
1641;49;0;Oliver Kirch;D;2;0;0;
1642;49;0;Oskar Gasecki;PL/USA;0;0;0;
1643;49;0;Edisson Jordanov;D;34;3;0;
1644;49;0;Tim Treude;D;33;3;0;
1645;49;0;David Solga;D;31;3;0;
1646;49;0;Oguzhan Kefkir;D;28;1;0;
1647;49;0;Mustafa Amini;AUS;15;1;0;
1648;49;0;Dominik Nothnagel;D;14;0;0;
1649;49;0;Ufuk Özbek;TUR;8;0;0;
1650;49;0;Mitsuru Maruoka;JAP;8;0;0;
1651;49;0;Jeremy Serwy;B;7;0;0;
1652;49;0;Erik Durm;D;2;0;0;
1653;49;0;Jonas Hofmann;D;1;0;0;
1654;49;0;Tammo Harder;D;31;7;0;
1655;49;0;Balint Bajner;HUN;29;3;0;
1656;49;0;Marvin Ducksch;D;25;12;0;
1657;49;0;Julian Derstroff;D;17;2;0;
1658;49;0;Timmy Thiele;D;7;2;0;
1659;49;0;Tim Väyrynen;FIN;7;1;0;
1660;49;0;Nick Weber;D;5;0;0;
1661;49;0;Julian Schieber;D;1;0;0;
1662;51;0;Korbinian Müller;D;27;0;0;
1663;51;0;Michael Zetterer;D;10;0;0;
1664;51;0;Sebastian Wolf;D;0;0;0;
1665;51;0;Felix Dinkel;D;0;0;0;
1666;51;0;Benjamin Schwarz;D;29;2;0;
1667;51;0;Mario Erb;D;28;2;0;
1668;51;0;Alexander Hack;D;28;1;0;
1669;51;0;Fabian Götze;D;27;1;0;
1670;51;0;Daniel Hofstetter;D;18;0;0;
1671;51;0;Jonas Hummels;D;13;2;0;
1672;51;0;Kevin Hingerl;D;8;0;0;
1673;51;0;Danilo Dittrich;D;8;0;0;
1674;51;0;Benjamin Kauffmann;D;2;0;0;
1675;51;0;Thomas Hagn;D;2;0;0;
1676;51;0;Mike Niebauer;D;0;0;0;
1677;51;0;Quirin Moll;D;36;2;0;
1678;51;0;Maximilian Welzmüller;D;32;5;0;
1679;51;0;Florian Bichler;D;31;5;0;
1680;51;0;Marius Willsch;D;23;0;0;
1681;51;0;Lucas Hufnagel;D;17;1;0;
1682;51;0;Roland Sternisko;D;13;1;0;
1683;51;0;Stefan Haas;D;9;0;0;
1684;51;0;Kenny Prince Redondo;D;7;1;0;
1685;51;0;Florian Heller;D;7;1;0;
1686;51;0;Tobias Killer;D;5;0;0;
1687;51;0;Dominik Rohracker;D;2;0;0;
1688;51;0;Leon Müller-Wiesen;D;0;0;0;
1689;51;0;Felix Stemmer;D;0;0;0;
1690;51;0;Sandro Kaiser;D;0;0;0;
1691;51;0;Janik Haberer;D;34;8;0;
1692;51;0;Andreas Voglsammer;D;34;10;0;
1693;51;0;Thomas Steinherr;D;31;2;0;
1694;51;0;Marius Duhnke;D;29;4;0;
1695;51;0;Pascal Köpke;D;4;2;0;
1696;51;0;Michael Marinkovic;D;1;0;0;
1697;54;25;Niklas Jakusch;D;21;0;0;
1698;54;1;Maximilian Riedmüller;D;16;0;0;
1699;54;12;Daniel Strähle;D;0;0;0;
1700;54;7;Fabian Wetter;D;35;3;0;
1701;54;19;Patrick Herrmann;D;35;0;0;
1702;54;27;Marcel Gebers;D;34;5;0;
1703;54;4;Manuel Hartmann;D;31;1;0;
1704;54;7;Gerrit Pressel;D;2;0;0;
1705;54;3;Hamza Kizil;DEN;0;0;0;
1706;54;6;David Urban;D;0;0;0;
1707;54;8;Tim Danneberg;D;34;3;0;
1708;54;11;Rafael Kazior;D;34;1;0;
1709;54;20;Marc Heider;D;30;9;0;
1710;54;21;Tim Siedschlag;D;29;3;0;
1711;54;26;Patrick Breitkreuz;D;29;0;0;
1712;54;29;Hauke Wahl;D;26;0;0;
1713;54;10;Casper Johansen;DEN;23;2;0;
1714;54;0;Mikkel Vendelbo;DEN;16;0;0;
1715;54;13;Marlon Krause;D;9;0;0;
1716;54;24;Jaroslaw Lindner;D;6;1;0;
1717;54;0;Fabian Arndt;D;4;0;0;
1718;54;28;Deran Toksöz;D;3;0;0;
1719;54;23;Steve Müller;D;2;0;0;
1720;54;9;Andy Hebler;D;0;0;0;
1721;54;14;Takuya Okada;JAP;0;0;0;
1722;54;18;Darryl Geurts;D;0;0;0;
1723;54;22;Fiete Sykora;D;36;5;0;
1724;54;30;Marcel Schied;D;31;3;0;
1725;54;0;Manuel Schäffler;D;10;0;0;
1726;54;0;George Sebastian Kelbel;D;7;0;0;
1727;54;0;Kevin Schulze;D;6;1;0;
1728;54;0;Mika Ääritalo;FIN;6;0;0;
1729;54;15;Onur Akdogan;D;1;0;0;
1730;52;1;Kenneth Kronholm;D;36;0;0;
1731;52;21;Daniel Kläs;D;0;0;0;
1732;52;30;Morten Jensen;D;0;0;0;
1733;52;32;Lukas Billick;D;33;0;0;
1734;52;13;Marc Gross;D;31;0;0;
1735;52;4;Timo Wenzel;D;27;2;0;
1736;52;0;Onanga Itoua;F;19;0;0;
1737;52;22;Chris Wolf;D;15;0;0;
1738;52;33;Sebastian Wolf;D;15;0;0;
1739;52;3;Bryan Mélisse;F;11;0;0;
1740;52;0;Zimmer Moritz;D;2;0;0;
1741;52;20;Milad Salem;AFG;33;5;0;
1742;52;0;Dominik Rohracker;D;27;1;0;
1743;52;6;Muhittin Bastürk;D;25;0;0;
1744;52;8;Daniel Jungwirth;D;15;0;0;
1745;52;0;Serkan Göcer;D;15;1;0;
1746;52;0;Ricky Pinheiro;POR;15;1;0;
1747;52;0;Jeff Gyasi;D;13;0;0;
1748;52;10;Christian Grimm;D;12;0;0;
1749;52;37;Marc Gallego;D;10;0;0;
1750;52;0;Nico Zimmermann;D;10;0;0;
1751;52;2;Alexander Buch;D;8;0;0;
1752;52;7;Thorsten Reiß;D;7;0;0;
1753;52;11;Marcel Schug;D;2;0;0;
1754;52;14;Alexander Schmieden;D;1;0;0;
1755;52;29;Gianni Gotthardt;D;0;0;0;
1756;52;18;Felix Luz;D;27;11;0;
1757;52;9;Angelo Vaccaro;I;20;8;0;
1758;52;19;Salif Cissé;D;18;1;0;
1759;52;0;Frederick Kyereh;D;18;0;0;
1760;52;0;Sascha Wolfert;D;12;0;0;
1761;52;17;Felix Dausend;D;10;1;0;
1762;52;0;Sebastian Piotrowski;D;5;0;0;
1763;52;0;Ondrej Smetana;CZE;3;0;0;
1764;52;27;Kevin Feiersinger;D;1;0;0;
1765;52;0;Murat Adigüzel;TUR;0;0;0;
1766;56;0;Stephan Loboué;CIV;35;0;0;
1767;56;0;Alexander Eiban;D;2;0;0;
1768;56;0;Christoph Burkhard;D;36;6;0;
1769;56;0;Florian Pflügler;D;28;2;0;
1770;56;0;Ulrich Taffertshofer;D;23;0;0;
1771;56;0;Stefano Cincotta;D;21;0;0;
1772;56;0;Michael Hefele;D;15;0;0;
1773;56;0;Moritz Moser;D;13;0;0;
1774;56;0;Maximilian Drum;D;10;0;0;
1775;56;0;Jure Colak;CRO;9;0;0;
1776;56;0;Darlington Omodiagbe;NGA;5;0;0;
1777;56;0;Michael Schick;D;0;0;0;
1778;56;0;Thomas Leberfinger;D;0;0;0;
1779;56;0;Marco Holz;D;36;4;0;
1780;56;0;Thorsten Burkhardt;D;35;3;0;
1781;56;0;Stephan Thee;D;33;3;0;
1782;56;0;Tobias Schröck;D;33;3;0;
1783;56;0;Maurice Müller;D;26;0;0;
1784;56;0;Alexander Eberlein;D;22;0;0;
1785;56;0;Viktor Bopp;D;10;1;0;
1786;56;0;Youssef Mokhtari;MAR/D;9;2;0;
1787;56;0;Benjamin Kindsvater;D;8;0;0;
1788;56;0;Olcay Turhan;TUR;6;0;0;
1789;56;0;Philipp Knochner;D;2;1;0;
1790;56;0;Tobias Huber;D;0;0;0;
1791;56;0;Patryk Mrowca;D;0;0;0;
1792;56;0;Florian Brachtel;D;0;0;0;
1793;56;0;Angelo Hauk;D;29;2;0;
1794;56;0;Henrich Bencik;SVK;28;5;0;
1795;56;0;Ahmet Kulabas;TUR/D;21;2;0;
1796;56;0;Bernd Rosinger;D;8;0;0;
1797;56;0;Ioannis Simosis;GR;5;0;0;
1798;56;0;Robert Glatzel;D;3;0;0;
1799;56;0;Anel Hodzic;BOS;0;0;0;
1800;55;0;Timo Ochs;D;37;0;0;
1801;55;0;Michael Müller;D;0;0;0;
1802;55;0;Tim Knipping;D;31;1;0;
1803;55;0;Nils Fischer;D;27;2;0;
1804;55;0;Tim Stegerer;D;26;0;0;
1805;55;0;Martin Forkel;D;23;0;0;
1806;55;0;Kim Falkenberg;D;21;0;0;
1807;55;0;Florian Ballas;D;15;0;0;
1808;55;0;Christian Eggert;D;14;0;0;
1809;55;0;André Mandt;D;12;1;0;
1810;55;0;Mounir Chaftar;D;11;0;0;
1811;55;0;Kevin Maek;D;9;1;0;
1812;55;0;Francois Marque;F;5;0;0;
1813;55;0;Juri Judt;D;5;0;0;
1814;55;0;Pascal Pellowski;D;4;0;0;
1815;55;0;Lukas Kohler;D;4;0;0;
1816;55;0;Mark Lerandy;D;2;0;0;
1817;55;0;Maximilian Rupp;D;2;0;0;
1818;55;0;Julian Kern;D;0;0;0;
1819;55;0;Raffael Korte;D;33;5;0;
1820;55;0;Serkan Göcer;D;20;1;0;
1821;55;0;Manuel Zeitz;D;15;0;0;
1822;55;0;Tim Kruse;D;14;0;0;
1823;55;0;Kevin Pezzoni;D;14;0;0;
1824;55;0;Taku Ishihara;JAP;13;2;0;
1825;55;0;Philipp Kreuels;D;9;0;0;
1826;55;0;Artur Schneider;D;8;0;0;
1827;55;0;Julien Humbert;D;6;1;0;
1828;55;0;Andreas Glockner;D;2;0;0;
1829;55;0;Jaron Schäfer;D;2;0;0;
1830;55;0;Markus Hayer;D;0;0;0;
1831;55;0;Frederic Ehrmann;D;0;0;0;
1832;55;0;Philipp Hoffmann;D;32;6;0;
1833;55;0;Marcel Ziemer;D;24;8;0;
1834;55;0;Thomas Rathgeber;D;20;4;0;
1835;55;0;Vito Plut;SLO;16;0;0;
1836;55;0;Maurice Deville;D;12;2;0;
1837;55;0;Patrick Schmidt;D;8;1;0;
1838;55;0;Stefan Reisinger;D;7;2;0;
1839;55;0;Jannik Schliesing;D;2;0;0;